Major categories, Medium category, Subcategory, Manufacturer, Product name, Model, Model number, URL, minimum wavelength, maximum wavelength, average power, Maximum output, Time span, Pulse Width, Repetition frequency, Repetition rate, processing, communication, Spectroscopy and Measurement, Imaging, Demo machine rental
 Fiber lasers and other light sources, broadband white laser light source,, NKT Photonics A/S," Broadband white laser light source, top model ""SuperK FIANIUM""", SuperK FIANIUM, FIU-6,https://www.sevensix.co.jp/products/superkfianium_nktp/, 400nm, 2400nm,, 2.2W, Pulse,, 78MHz,,,,,,
 Fiber lasers and other light sources, broadband white laser light source,, NKT Photonics A/S," Broadband white laser light source, top model ""SuperK FIANIUM""", SuperK FIANIUM, FIU-15,https://www.sevensix.co.jp/products/superkfianium_nktp/, 400nm, 2400nm,, 5.5W, Pulse,, 78MHz,,,,,,
 Fiber lasers and other light sources, broadband white laser light source,, NKT Photonics A/S," Broadband white laser light source, top model ""SuperK FIANIUM""", SuperK FIANIUM, FIR-20,https://www.sevensix.co.jp/products/superkfianium_nktp/, 400nm, 2400nm,, 6.5W, Pulse,, 78MHz,,,,,,
,,, NKT Photonics A/S,"The top-of-the-line broadband white laser light source for OCT, ""SuerK FIANIUM OCT""", SuperK FIANIUM OCT, FIU-6 OCT,https://www.sevensix.co.jp/products/octsc_nktp/, 400nm, 2400nm, 600mW, 6.5W, Pulse,, 312 ± 3MHz,,,,,,
 Fiber lasers and other light sources, broadband white laser light source,, NKT Photonics A/S,"The top-of-the-line broadband white laser light source for OCT, ""SuerK FIANIUM OCT""", SuperK FIANIUM OCT, FIR-9 OCT,https://www.sevensix.co.jp/products/octsc_nktp/, 400nm, 2400nm, 900mW, 6.5W, Pulse,, 312 ± 3MHz,,,,,, can be
 Fiber lasers and other light sources, broadband white laser light source,, NKT Photonics A/S," Industrial broadband white laser light source ""SuperK EVO""", SuperK EVO, ERL-04, https://www.sevensix.co.jp/products/superk-evo/, 510nm, 2000nm,, 1W, Pulse,, 20MHz,,,,,,
 Fiber lasers and other light sources, broadband white laser light source,, NKT Photonics A/S," Industrial broadband white laser light source ""SuperK EVO""", SuperK EVO, EUL-10, https://www.sevensix.co.jp/products/superk-evo/, 425nm, 2400nm,, 0.3W, Pulse,, 30MHz,,,,,,
 Fiber lasers and other light sources, broadband white laser light source,, NKT Photonics A/S," Industrial broadband white laser light source ""SuperK EVO""", SuperK EVO HP, EU-4, https://www.sevensix.co.jp/products/superk-evo/, 415nm, 2250nm,, 2W, Pulse,, 20MHz,,,,,,
 Fiber lasers and other light sources, broadband white laser light source,, NKT Photonics A/S," Broadband white laser light source entry model ""SuperK COMPACT""", SuperK COMPACT,, https://www.sevensix.co.jp/products/superk-compact/, 450nm, 2400nm, 20mW, 110mW, Pulse,,1-20kHz,,,,,, can be
 Fiber lasers and other light sources, broadband white laser light source,, NKT Photonics A/S, High-performance wavelength selection filter for white laser light source, SuperK SPLIT,, https://www.sevensix.co.jp/products/scfilter_nktp/, 400nm, 2000nm,,, Pulse,,,,,,,, can be
 Fiber lasers and other light sources, broadband white laser light source,, NKT Photonics A/S, High-performance wavelength selection filter for white laser light source, SuperK SELECT,, https://www.sevensix.co.jp/products/scfilter_nktp/, 400nm, 2000nm,,, Pulse,,,,,,,, can be
 Fiber lasers and other light sources, broadband white laser light source,, NKT Photonics A/S, High-performance wavelength selection filter for white laser light source, LLTF, VIS, https://www.sevensix.co.jp/products/scfilter_nktp/, 400nm, 100nm,,, Pulse,,,,,,,, can be
 Fiber lasers and other light sources, broadband white laser light source,, NKT Photonics A/S, High-performance wavelength selection filter for white laser light source, LLTF, SWIR, https://www.sevensix.co.jp/products/scfilter_nktp/, 1000nm, 2300nm,,, Pulse,,,,,,,, can be
 Fiber lasers and other light sources, broadband white laser light source,, NKT Photonics A/S, High-performance wavelength selection filter for white laser light source, SuperK VARIA,, https://www.sevensix.co.jp/products/scfilter_nktp/, 400nm, 840nm,,, Pulse,,,,,,,, can be
 Fiber lasers and other light sources, broadband white laser light source,, NKT Photonics A/S, High-performance wavelength selection filter for white laser light source, SuperK CONNECT, FD1-PM, https://www.sevensix.co.jp/products/scfilter_nktp/,,,,, Pulse,,,,,,,,
 Fiber lasers and other light sources, broadband white laser light source,, NKT Photonics A/S, High-performance wavelength selection filter for white laser light source, SuperK CONNECT, FD2, https://www.sevensix.co.jp/products/scfilter_nktp/,,,,, Pulse,,,,,,,,
 Fiber lasers and other light sources, broadband white laser light source,, NKT Photonics A/S, High-performance wavelength selection filter for white laser light source, SuperK CONNECT, FD3, https://www.sevensix.co.jp/products/scfilter_nktp/,,,,, Pulse,,,,,,,,
 Fiber lasers and other light sources, broadband white laser light source,, NKT Photonics A/S, High-performance wavelength selection filter for white laser light source, SuperK CONNECT, FD3-PM, https://www.sevensix.co.jp/products/scfilter_nktp/,,,,, Pulse,,,,,,,,
 Fiber lasers and other light sources, broadband white laser light source,,NKT Photonics A/S, High-performance wavelength selection filter for white laser light source, SuperK CONNECT, FD4, https://www.sevensix.co.jp/products/scfilter_nktp/,,,,, Pulse,,,,,,,,
 Fiber lasers and other light sources, broadband white laser light source,, NKT Photonics A/S, High-performance wavelength selection filter for white laser light source, SuperK CONNECT, FD4-PM, https://www.sevensix.co.jp/products/scfilter_nktp/,,,,, Pulse,,,,,,,,
 Fiber lasers and other light sources, broadband white laser light source,, NKT Photonics A/S, High-performance wavelength selection filter for white laser light source, SuperK CONNECT, FD5, https://www.sevensix.co.jp/products/scfilter_nktp/,,,,, Pulse,,,,,,,,
 Fiber lasers and other light sources, broadband white laser light source,, NKT Photonics A/S, High-performance wavelength selection filter for white laser light source, SuperK CONNECT, FD4-PM, https://www.sevensix.co.jp/products/scfilter_nktp/,,,,, Pulse,,,,,,,,
 Fiber lasers and other light sources, broadband white laser light source,, NKT Photonics A/S, High-performance wavelength selection filter for white laser light source, SuperK CONNECT, FD6, https://www.sevensix.co.jp/products/scfilter_nktp/,,,,, Pulse,,,,,,,,
 Fiber lasers and other light sources, broadband white laser light source,, NKT Photonics A/S, High-performance wavelength selection filter for white laser light source, SuperK CONNECT, FD4-PM, https://www.sevensix.co.jp/products/scfilter_nktp/,,,,, Pulse,,,,,,,,
 Fiber lasers and other light sources, broadband white laser light source,, NKT Photonics A/S, High-performance wavelength selection filter for white laser light source, SuperK CONNECT, FD7, https://www.sevensix.co.jp/products/scfilter_nktp/,,,,, Pulse,,,,,,,,
 Fiber lasers and other light sources, broadband white laser light source,, NKT Photonics A/S, High-performance wavelength selection filter for white laser light source, SuperK CONNECT, FD4-PM, https://www.sevensix.co.jp/products/scfilter_nktp/,,,,, Pulse,,,,,,,,
 Fiber lasers and other light sources, broadband white laser light source,, NKT Photonics A/S, High-performance wavelength selection filter for white laser light source, SuperK CONNECT, FD8, https://www.sevensix.co.jp/products/scfilter_nktp/,,,,, Pulse,,,,,,,,
 Fiber lasers and other light sources, broadband white laser light source,, NKT Photonics A/S, High-performance wavelength selection filter for white laser light source, SuperK CONNECT, FD4-PM, https://www.sevensix.co.jp/products/scfilter_nktp/,,,,, Pulse,,,,,,,,
 Fiber lasers and other light sources, broadband white laser light source,, NKT Photonics A/S, High-performance wavelength selection filter for white laser light source, SuperK CONNECT, FD9, https://www.sevensix.co.jp/products/scfilter_nktp/,,,,, Pulse,,,,,,,,
 Fiber lasers and other light sources, broadband white laser light source,, NKT Photonics A/S, High-performance wavelength selection filter for white laser light source, SuperK CONNECT, FD4-PM,https://www.sevensix.co.jp/products/scfilter_nktp/,,,,, Pulse,,,,,,,,
 Fiber lasers and other light sources, broadband white laser light source,, NKT Photonics A/S, High-performance wavelength selection filter for white laser light source, SuperK CONNECT, FD10, https://www.sevensix.co.jp/products/scfilter_nktp/,,,,, Pulse,,,,,,,,
 Fiber lasers and other light sources, Ultrashort pulse laser (nanosecond/picosecond/femtosecond) light source,, NKT Photonics A/S, Picosecond ultrashort pulse laser, PILAS DX, PIL037-FS, https://www.sevensix.co.jp/products/pilasdx_nktp/, 365nm, 385nm, > 0.5 mW,, Pulse, < 70ps, 40 MHz,,,,,,
 Fiber lasers and other light sources, Ultrashort pulse laser (nanosecond/picosecond/femtosecond) light source,, NKT Photonics A/S, Picosecond ultrashort pulse laser, PILAS DX, PIL037-FC, https://www.sevensix.co.jp/products/pilasdx_nktp/, 365nm, 385nm, > 0.2 mW,, Pulse, < 70ps, 40 MHz,,,,,,
 Fiber lasers and other light sources, Ultrashort pulse laser (nanosecond/picosecond/femtosecond) light source,, NKT Photonics A/S, Picosecond ultrashort pulse laser, PILAS DX, PIL040-FS, https://www.sevensix.co.jp/products/pilasdx_nktp/, 390nm, 420nm, > 0.8 mW,, Pulse, < 45ps, 40 MHz,,,,,,
 Fiber lasers and other light sources, Ultrashort pulse laser (nanosecond/picosecond/femtosecond) light source,, NKT Photonics A/S, Picosecond ultrashort pulse laser, PILAS DX, PIL040-FC, https://www.sevensix.co.jp/products/pilasdx_nktp/, 390nm, 420nm, > 0.25 mW,, Pulse, < 45ps, 40 MHz,,,,,,
 Fiber lasers and other light sources, Ultrashort pulse laser (nanosecond/picosecond/femtosecond) light source,, NKT Photonics A/S, Picosecond ultrashort pulse laser, PILAS DX, PIL044-FS, https://www.sevensix.co.jp/products/pilasdx_nktp/, 420nm, 460nm, > 0.7 mW,, Pulse, < 70ps, 40 MHz,,,,,,
 Fiber lasers and other light sources, Ultrashort pulse laser (nanosecond/picosecond/femtosecond) light source,, NKT Photonics A/S, Picosecond ultrashort pulse laser, PILAS DX, PIL044-FC, https://www.sevensix.co.jp/products/pilasdx_nktp/, 420nm, 460nm, > 0.3 mW,, Pulse, < 70ps, 40 MHz,,,,,,
 Fiber lasers and other light sources, Ultrashort pulse laser (nanosecond/picosecond/femtosecond) light source,, NKT Photonics A/S, Picosecond ultrashort pulse laser, PILAS DX, PIL048-FS, https://www.sevensix.co.jp/products/pilasdx_nktp/, 460nm, 500nm, > 0.8 mW,, Pulse, < 80ps, 40 MHz,,,,,,
 Fiber lasers and other light sources, Ultrashort pulse laser (nanosecond/picosecond/femtosecond) light source,, NKT Photonics A/S, Picosecond ultrashort pulse laser, PILAS DX, PIL048-FC, https://www.sevensix.co.jp/products/pilasdx_nktp/, 460nm, 500nm, > 0.3 mW,, Pulse, < 80ps, 40 MHz,,,,,,
 Fiber lasers and other light sources, Ultrashort pulse laser (nanosecond/picosecond/femtosecond) light source,, NKT Photonics A/S, Picosecond ultrashort pulse laser, PILAS DX, PIL051-FS, https://www.sevensix.co.jp/products/pilasdx_nktp/, 495nm, 525nm, > 0.6 mW,, Pulse, < 110ps, 40 MHz,,,,,,
 Fiber lasers and other light sources, Ultrashort pulse laser (nanosecond/picosecond/femtosecond) light source,, NKT Photonics A/S, Picosecond ultrashort pulse laser, PILAS DX,PIL051-FC, https://www.sevensix.co.jp/products/pilasdx_nktp/, 495nm, 525nm, > 0.2 mW,, Pulse, < 110ps, 40 MHz,,,,,,
 Fiber lasers and other light sources, Ultrashort pulse laser (nanosecond/picosecond/femtosecond) light source,, NKT Photonics A/S, Picosecond ultrashort pulse laser, PILAS DX, PIL063-FS, https://www.sevensix.co.jp/products/pilasdx_nktp/, 620nm, 650nm, > 0.5 mW,, Pulse, < 50ps, 40 MHz,,,,,,
 Fiber lasers and other light sources, Ultrashort pulse laser (nanosecond/picosecond/femtosecond) light source,, NKT Photonics A/S, Picosecond ultrashort pulse laser, PILAS DX, PIL063-FC, https://www.sevensix.co.jp/products/pilasdx_nktp/, 620nm, 650nm, > 0.2 mW,, Pulse, < 50ps, 40 MHz,,,,,,
 Fiber lasers and other light sources, Ultrashort pulse laser (nanosecond/picosecond/femtosecond) light source,, NKT Photonics A/S, Picosecond ultrashort pulse laser, PILAS DX, PIL067-FS, https://www.sevensix.co.jp/products/pilasdx_nktp/, 640nm, 670nm, > 0.5 mW,, Pulse, < 45ps, 40 MHz,,,,,,
 Fiber lasers and other light sources, Ultrashort pulse laser (nanosecond/picosecond/femtosecond) light source,, NKT Photonics A/S, Picosecond ultrashort pulse laser, PILAS DX, PIL067-FC, https://www.sevensix.co.jp/products/pilasdx_nktp/, 640nm, 670nm, > 0.3 mW,, Pulse, < 45ps, 40 MHz,,,,,,
 Fiber lasers and other light sources, Ultrashort pulse laser (nanosecond/picosecond/femtosecond) light source,, NKT Photonics A/S, Picosecond ultrashort pulse laser, PILAS DX, PIL069-FS, https://www.sevensix.co.jp/products/pilasdx_nktp/, 675nm, 705nm, > 0.6 mW,, Pulse, < 50ps, 40 MHz,,,,,,
 Fiber lasers and other light sources, Ultrashort pulse laser (nanosecond/picosecond/femtosecond) light source,, NKT Photonics A/S, Picosecond ultrashort pulse laser, PILAS DX, PIL069-FC, https://www.sevensix.co.jp/products/pilasdx_nktp/, 675nm, 705nm, > 0.2 mW,, Pulse, < 50ps, 40 MHz,,,,,,
 Fiber lasers and other light sources, Ultrashort pulse laser (nanosecond/picosecond/femtosecond) light source,, NKT Photonics A/S, Picosecond ultrashort pulse laser, PILAS DX, PIL085-FS, https://www.sevensix.co.jp/products/pilasdx_nktp/, 835nm, 865nm, > 0.5 mW,, Pulse, < 50ps, 40 MHz,,,,,,
 Fiber lasers and other light sources, Ultrashort pulse laser (nanosecond/picosecond/femtosecond) light source,, NKT Photonics A/S, Picosecond ultrashort pulse laser, PILAS DX, PIL085-FC, https://www.sevensix.co.jp/products/pilasdx_nktp/, 835nm, 865nm, > 0.2 mW,, Pulse, < 50ps, 40 MHz,,,,,,
 Fiber lasers and other light sources, Ultrashort pulse laser (nanosecond/picosecond/femtosecond) light source,, NKT Photonics A/S, Picosecond ultrashort pulse laser, PILAS DX, PIL094-FS, https://www.sevensix.co.jp/products/pilasdx_nktp/, 920nm, 960nm, > 0.35 mW,, Pulse, < 50ps, 40 MHz,,,,,,
 Fiber lasers and other light sources, Ultrashort pulse laser (nanosecond/picosecond/femtosecond) light source,, NKT Photonics A/S, Picosecond ultrashort pulse laser, PILAS DX, PIL094-FC, https://www.sevensix.co.jp/products/pilasdx_nktp/, 920nm, 960nm, > 0.15 mW,, Pulse, < 50ps, 40 MHz,,,,,,
 Fiber lasers and other light sources, Ultrashort pulse laser (nanosecond/picosecond/femtosecond) light source,, NKT Photonics A/S, Picosecond ultrashort pulse laser, PILAS DX, PIL106-FS, https://www.sevensix.co.jp/products/pilasdx_nktp/, 1040nm, 1080nm, > 0.35 mW,, Pulse, < 50ps, 40 MHz,,,,,,
 Fiber lasers and other light sources, Ultrashort pulse laser (nanosecond/picosecond/femtosecond) light source,, NKT Photonics A/S, Picosecond ultrashort pulse laser, PILAS DX, PIL106-FC, https://www.sevensix.co.jp/products/pilasdx_nktp/, 1040nm, 1080nm, > 0.15 mW,, Pulse, < 50ps, 40 MHz,,,,,,
 Fiber lasers and other light sources, Ultrashort pulse laser (nanosecond/picosecond/femtosecond) light source,, NKT Photonics A/S, Picosecond ultrashort pulse laser, PILAS DX, PIL155-FS, https://www.sevensix.co.jp/products/pilasdx_nktp/, 1530nm, 1570nm, > 0.04 mW,, Pulse, < 50ps, 40 MHz,,,,,,
 Fiber lasers and other light sources, Ultrashort pulse laser (nanosecond/picosecond/femtosecond) light source,, NKT Photonics A/S, Picosecond ultrashort pulse laser, PILAS DX, PIL155-FC, https://www.sevensix.co.jp/products/pilasdx_nktp/, 1530nm, 1570nm, > 0.02 mW,, Pulse, < 50ps, 40 MHz,,,,,,
 Fiber lasers and other light sources, Ultrashort pulse laser (nanosecond/picosecond/femtosecond) light source,, NKT Photonics A/S, Picosecond ultrashort pulse laser, aeroPULSE PS,, https://www.sevensix.co.jp/products/aeropulseps_nktp/, 1030nm, 1030nm, 40W,, Pulse, 5ps, 10 - 400MHz,,,,,,
 Fiber lasers and other light sources, Ultrashort pulse laser (nanosecond/picosecond/femtosecond) light source,, NKT Photonics A/S,Femtosecond ultrashort pulse laser, ORIGAMI 03XP,, https://www.sevensix.co.jp/products/origamixp_nktp/, 343nm, 343nm, > 1.2W,, Pulse, < 300fs," Single-shot to 1 MHz, Pulse-on-Demand",,,,,,
 Fiber lasers and other light sources, Ultrashort pulse laser (nanosecond/picosecond/femtosecond) light source,, NKT Photonics A/S,Femtosecond ultrashort pulse laser, ORIGAMI 03XP-S,, https://www.sevensix.co.jp/products/origamixp_nktp/ /, 343nm, 343nm, > 1.2W,, Pulse, < 300fs," Single-shot to 1 MHz, Pulse-on-Demand",,,,,,
 Fiber lasers and other light sources, Ultrashort pulse laser (nanosecond/picosecond/femtosecond) light source,, NKT Photonics A/S,Femtosecond ultrashort pulse laser, ORIGAMI 05XP,, https://www.sevensix.co.jp/products/origamixp_nktp/ /, 515nm, 515nm, > 2.5W,, Pulse, < 370fs,,,,,,,
 Fiber lasers and other light sources, Ultrashort pulse laser (nanosecond/picosecond/femtosecond) light source,, NKT Photonics A/S,Femtosecond ultrashort pulse laser, ORIGAMI 05XP-S,, https://www.sevensix.co.jp/products/origamixp_nktp/ /, 515nm, 515nm, > 2.5W,, Pulse, < 370fs,,,,,,,
 Fiber lasers and other light sources, Ultrashort pulse laser (nanosecond/picosecond/femtosecond) light source,, NKT Photonics A/S,Femtosecond ultrashort pulse laser, aeroPULSE FS50-05,, https://www.sevensix.co.jp/products/aeropulsefs50_nktp/, 515nm, 515nm, 25W,, Pulse, < 0.5–3 ps,,,,,,,
 Fiber lasers and other light sources, Ultrashort pulse laser (nanosecond/picosecond/femtosecond) light source,, Optizone Technology Limited, Fiber Laser Module,,, https://www.sevensix.co.jp/products/fiberlasermodule_optizone/,,,,, Pulse,,,,,,,,
 Fiber lasers and other light sources, Ultrashort pulse laser (nanosecond/picosecond/femtosecond) light source,, NKT Photonics A/S," 50W output femtosecond fiber laser ""aeroPULSE FS50""",,,https://www.sevensix.co.jp/products/aeropulsefs50_nktp/,,, 50 W,, Pulse,,,,,,,,
 Fiber lasers and other light sources, Ultrashort pulse laser (nanosecond/picosecond/femtosecond) light source,, NKT Photonics A/S," Maximum 70uJ femtosecond laser ""ORIGAMI XP(-S)""",,, https://www.sevensix.co.jp/products/origamixp_nktp/,,,,, Pulse,,,,,,,,
 Fiber lasers and other light sources, Ultrashort pulse laser (nanosecond/picosecond/femtosecond) light source,, NKT Photonics A/S," 40W output picosecond fiber laser ""aeroPULSE PS""",,, https://www.sevensix.co.jp/products/aeropulseps_nktp/,,, 40 W,, Pulse,,,,,,,,
 Fiber lasers and other light sources, Ultrashort pulse laser (nanosecond/picosecond/femtosecond) light source,, NKT Photonics A/S," Gain switch type picosecond laser ""PILAS DX""",,, https://www.sevensix.co.jp/products/pilasdx_nktp/,,,,, Pulse,,,,,,,,
 Fiber lasers and other light sources, Ultrashort pulse laser (nanosecond/picosecond/femtosecond) light source,," Seven Six Co., Ltd."," Wavelength-tunable ultrashort pulse fiber laser ""Lulu""",,, https://www.sevensix.co.jp/products/lulu_sevensix/,,,,, Pulse,,,,,,,,
 Fiber lasers and other light sources, Ultrashort pulse laser (nanosecond/picosecond/femtosecond) light source,," Seven Six Co., Ltd."," Ultrashort pulse fiber laser ""iQoM""",,, https://www.sevensix.co.jp/products/iqom/,,,,, Pulse,,,,,,,, can be
 Fiber lasers and other light sources, Ultrashort pulse laser (nanosecond/picosecond/femtosecond) light source,, Southern Photonics Ltd.," Picosecond fiber laser, all PM fiber configuration",,, https://www.sevensix.co.jp/products/fl_southernphotonics/,,,,, Pulse,,,,,,,,
 Fiber lasers and other light sources, Ultrashort pulse laser (nanosecond/picosecond/femtosecond) light source,, RAM Photonics LLC,Tunable picosecond light source,,, https://www.sevensix.co.jp/products/cavityless_ramphotonics/,,,,, Pulse,,,,,,,,
 Fiber lasers and other light sources, Ultrashort pulse laser (nanosecond/picosecond/femtosecond) light source,, ITF Technologies Inc., LIDAR light source,,, https://www.sevensix.co.jp/products/lidar_itf/,,,,, Pulse,,,,,,,,
 Fiber lasers and other light sources, Tunable laser light source,, EXFO," Tunable wavelength laser ""T500S""",,, https://www.sevensix.co.jp/products/exfo_t500s/,,,,, CW,,,,,,,,
 Fiber lasers and other light sources, Tunable laser light source,, EXFO," Narrow linewidth tunable laser ""T200S""",,, https://www.sevensix.co.jp/products/exfo_t200s/,,,,, CW,,,,,,,,
 Fiber lasers and other light sources, Tunable laser light source,, NKT Photonics A/S," Ultra-wideband wavelength tunable laser light source ""SuperK CHROMATUNE""",,, https://www.sevensix.co.jp/products/superk-chromatune/,,,,, CW,,,,,,,,
 Fiber lasers and other light sources, Tunable laser light source,," Koshin Optical Co., Ltd.", Wavelength tunable laser 『KLS-201A』 standard model,,, https://www.sevensix.co.jp/products/kls201a_koshinkogaku/,,,,, CW,,,,,,,,
 Fiber lasers and other light sources, Tunable laser light source,," Koshin Optical Co., Ltd.","High-resolution wavelength tunable laser ""KLS-601A"" series",,, https://www.sevensix.co.jp/products/kls601a_koshinkogaku/,,,,, CW,,,,,,,,
 Fiber lasers and other light sources, Narrow linewidth CW laser light source,, NKT Photonics A/S," Ultra-low noise narrow linewidth fiber laser lineup ""Koheras"" series",,, https://www.sevensix.co.jp/products/koherasseries_nktp/,,,,, CW,,,,,,,,
 Fiber lasers and other light sources, Narrow linewidth CW laser light source,, NKT Photonics A/S," Compact modular ultra-low noise narrow linewidth fiber laser ""Koheras BASIK""",,, https://www.sevensix.co.jp/products/koherasbasik_nktp/,,,,, CW,,,,,,,, can be
 Fiber lasers and other light sources, Narrow linewidth CW laser light source,, NKT Photonics A/S," OEM type ultra-low noise narrow linewidth fiber laser ""Koheras BASIK MIKRO""",,, https://www.sevensix.co.jp/products/koherasbasikmikro_nktp/,,,,, CW,,,,,,,,
 Fiber lasers and other light sources, Narrow linewidth CW laser light source,, ID Photonics GmbH, Benchtop narrow linewidth tunable laser,,, https://www.sevensix.co.jp/products/cobritedx_idphotonics/,,,,, CW,,,,,,,,
 Fiber lasers and other light sources, Narrow linewidth CW laser light source,, NKT Photonics A/S," Benchtop ultra-low noise narrow linewidth high power fiber laser ""Koheras BOOSTIK HP""",,,https://www.sevensix.co.jp/products/koherasboostik_nktp/,,,,, CW,,,,,,,,
 Fiber lasers and other light sources, Narrow linewidth CW laser light source,, NKT Photonics A/S," Koheras HARMONIK: Wavelength-converted ultra-low noise, narrow linewidth, high-power fiber laser for quantum applications",,, https://www.sevensix.co.jp/products/nkt_koheras-harmonik/,,,,, CW,,,,,,,,
 Fiber lasers and other light sources, Narrow linewidth CW laser light source,," Koshin Optical Co., Ltd.", Narrow linewidth fixed wavelength semiconductor laser,,, https://www.sevensix.co.jp/products/fls_koshinkogaku/,,,,, CW,,,,,,,,
 Fiber lasers and other light sources, Narrow linewidth CW laser light source,," SYCATUS Co., Ltd.", Narrow linewidth laser source Laser linewidth measurement system,,, https://www.sevensix.co.jp/products/a0020a_sycatus/,,,,,,,,,,,,,
 Fiber lasers and other light sources, Narrow linewidth CW laser light source,, NKT Photonics A/S," Benchtop ultra-low noise narrow linewidth fiber laser ""Koheras ADJUSTIK""",,, https://www.sevensix.co.jp/products/nkt_koheras-adjustik/,,,,, CW,,,,,,,,
 Fiber lasers and other light sources, CW fiber laser oscillator,, ITF Technologies Inc., High-power fiber laser engine,,, https://www.sevensix.co.jp/products/laserengine_itf/,,,,, CW,,,,,,,,
 Fiber lasers and other light sources, Optical frequency comb source,," Seven Six Co., Ltd.",Optical frequency comb generator Frush,,, https://www.sevensix.co.jp/products/frush/,,,,, Pulse,,,,,,,,
 Fiber lasers and other light sources, UV light source/LED light source/SLD light source,, Agiltron Inc., Solid UV light source for UV curing resin,,, https://www.sevensix.co.jp/products/uvlaser_agiltron/,,,,, CW,,,,,,,,
 Fiber lasers and other light sources, UV light source/LED light source/SLD light source,," Kyoto Semiconductor Co., Ltd.", UV LED,,, https://www.sevensix.co.jp/products/uvled_kyosemi/,,,,,,,,,,,,,
 Fiber lasers and other light sources, UV light source/LED light source/SLD light source,," Kyoto Semiconductor Co., Ltd.", Resin mold visible light LED,,, https://www.sevensix.co.jp/products/resinled_kyosemi/,,,,,,,,,,,,,
 Fiber lasers and other light sources, UV light source/LED light source/SLD light source,," Kyoto Semiconductor Co., Ltd.", dual wavelength LED,,, https://www.sevensix.co.jp/products/dualwavelengthled_kyosemi/,,,,,,,,,,,,,
 Fiber lasers and other light sources, UV light source/LED light source/SLD light source,," Kyoto Semiconductor Co., Ltd.", Red LED,,, https://www.sevensix.co.jp/products/redled_kyosemi/,,,,,,,,,,,,,
 Fiber lasers and other light sources, UV light source/LED light source/SLD light source,," Kyoto Semiconductor Co., Ltd.", Parallel light LED,,, https://www.sevensix.co.jp/products/parallelled_kyosemi/,,,,,,,,,,,,,
 Fiber lasers and other light sources, UV light source/LED light source/SLD light source,," Kyoto Semiconductor Co., Ltd.", Infrared LED,,,https://www.sevensix.co.jp/products/infraredled_kyosemi/,,,,,,,,,,,,,
 Fiber lasers and other light sources, UV light source/LED light source/SLD light source,," Kyoto Semiconductor Co., Ltd.", Resin mold infrared LED,,, https://www.sevensix.co.jp/products/resininfrared_kyosemi/,,,,,,,,,,,,,
 Fiber lasers and other light sources, UV light source/LED light source/SLD light source,, Innolume GmbH, SLD light source,,, https://www.sevensix.co.jp/products/sld_innolume/,,,,,,,,,,,,,
 Fiber lasers and other light sources, UV light source/LED light source/SLD light source,, Innolume GmbH, Optical comb laser chip,,, https://www.sevensix.co.jp/products/comchip_innolume/,,,,,,,,,,,,,
 Semiconductor laser diode (LD), Main lineup of semiconductor laser diodes,, BWT Beijing LTD., Main lineup of semiconductor laser diodes,,, https://www.sevensix.co.jp/products/laserdiode/,,,,,,,,,,,,,
 Semiconductor laser diode (LD), Seed LD,, Innolume GmbH, Free-space single-mode semiconductor laser,,, https://www.sevensix.co.jp/products/freespace_smlaser_innolume/,,,,,,,,,,,,,
 Semiconductor laser diode (LD), Seed LD,, Innolume GmbH, Semiconductor multimode laser / quantum dot laser,,, https://www.sevensix.co.jp/products/pompld_mm_innolume/,,,,,,,,,,,,,
 Semiconductor laser diode (LD), Seed LD,, eagleyard Photonics GmbH,Single-mode semiconductor laser,,, https://www.sevensix.co.jp/products/smld_eagleyard/,,,,,,,,,,,,,
 Semiconductor laser diode (LD), Seed LD,, eagleyard Photonics GmbH, DFB/DBR laser,,, https://www.sevensix.co.jp/products/dfblaser_eagleyard/,,,,,,,,,,,,,
 Semiconductor laser diode (LD), Seed LD,, Eblana Photonics Ltd., DML (DFB-like laser),,, https://www.sevensix.co.jp/products/dfblaser_eblana/,,,,,,,,,,,,,
 Semiconductor laser diode (LD), Seed LD,, Innolume GmbH, DFB single frequency laser,,, https://www.sevensix.co.jp/products/dfb_innolume/,,,,,,,,,,,,,
 Semiconductor laser diode (LD), Seed LD,, 3SP Technologies, Seed Fabry-Perot laser (CW/Pulse) PM fiber,,, https://www.sevensix.co.jp/products/fplaserpm_3sp/,,,,, CW,,,,,,,,
 Semiconductor laser diode (LD), Seed LD,, 3SP Technologies, DFB laser chip-on-submount type,,, https://www.sevensix.co.jp/products/dfb_3sp/,,,,,,,,,,,,,
 Semiconductor laser diode (LD), Fabry-Perot laser,, BWT Beijing LTD.," High-power semiconductor multimode laser with fiber optics, 520nm",,, https://www.sevensix.co.jp/products/ld520nm_bwt/, 520 nm,,,,,,,,,,,,
 Semiconductor laser diode (LD), Fabry-Perot laser,,BWT Beijing LTD., Fiber-attached high-power semiconductor multimode laser 635nm,,, https://www.sevensix.co.jp/products/ld635nm_bwt/, 635 nm,,,,,,,,,,,,
 Semiconductor laser diode (LD), Fabry-Perot laser,, BWT Beijing LTD., Semiconductor multimode laser 785nm,,, https://www.sevensix.co.jp/products/ld785nm_bwt/, 785 nm,,,,,,,,,,,,
 Semiconductor laser diode (LD), Fabry-Perot laser,, BWT Beijing LTD., Fiber-attached high-power semiconductor multimode laser 793nm,,, https://www.sevensix.co.jp/products/ld793nm_bwt/, 793 nm,,,,,,,,,,,,
 Semiconductor laser diode (LD), Fabry-Perot laser,, BWT Beijing LTD., Fiber-attached high-power semiconductor multimode laser 808nm,,, https://www.sevensix.co.jp/products/ld808nm_bwt/, 808 nm,,,,,,,,,,,,
 Semiconductor laser diode (LD), Fabry-Perot laser,, Innolume GmbH, Semiconductor multimode laser / quantum dot laser,,, https://www.sevensix.co.jp/products/pompld_mm_innolume/,,,,,,,,,,,,,
 Semiconductor laser diode (LD), Fabry-Perot laser,, eagleyard Photonics GmbH,Single-mode semiconductor laser,,, https://www.sevensix.co.jp/products/smld_eagleyard/,,,,,,,,,,,,,
 Semiconductor laser diode (LD),Fabry-Perot laser,, BWT Beijing LTD., Fiber-attached high-power semiconductor multimode laser 830nm,,, https://www.sevensix.co.jp/products/ld830nm_bwt/, 830 nm,,,,,,,,,,,,
 Semiconductor laser diode (LD), Fabry-Perot laser,, BWT Beijing LTD., Fiber-attached high-power semiconductor multimode laser 878.6nm,,, https://www.sevensix.co.jp/products/ld878nm_bwt/,,,,,,,,,,,,,
 Semiconductor laser diode (LD), Fabry-Perot laser,, Innolume GmbH,Single-mode semiconductor laser,,, https://www.sevensix.co.jp/products/pompld_sm_innolume/,,,,,,,,,,,,,
 Semiconductor laser diode (LD), Fabry-Perot laser,, BWT Beijing LTD., Fiber-attached high-power semiconductor multimode laser 915nm,,, https://www.sevensix.co.jp/products/915ld_bwt/, 915 nm,,,,,,,,,,,,
 Semiconductor laser diode (LD), Fabry-Perot laser,, BWT Beijing LTD., Fiber-attached semiconductor multimode laser 940nm,,, https://www.sevensix.co.jp/products/940ld_bwt/, 940 nm,,,,,,,,,,,,
 Semiconductor laser diode (LD), Fabry-Perot laser,, 3SP Technologies,Fabry-Perot laser (CW) SM fiber for core pumping,,, https://www.sevensix.co.jp/products/smld_3sp/,,,,, CW,,,,,,,,
 Semiconductor laser diode (LD), Fabry-Perot laser,, 3SP Technologies, Fabry-Perot laser (CW) PM fiber for core pumping,,, https://www.sevensix.co.jp/products/pmld_3sp/,,,,, CW,,,,,,,,
 Semiconductor laser diode (LD), Fabry-Perot laser,, BWT Beijing LTD., Fiber-attached high-power semiconductor multimode laser 976nm,,, https://www.sevensix.co.jp/products/ld976nm_bwt/, 976 nm,,,,,,,,,,,,
 Semiconductor laser diode (LD), Fabry-Perot laser,, 3SP Technologies, Seed Fabry-Perot laser (CW/Pulse) PM fiber,,, https://www.sevensix.co.jp/products/fplaserpm_3sp/,,,,, CW,,,,,,,,
 Semiconductor laser diode (LD), Fabry-Perot laser,, BWT Beijing LTD., Fiber-equipped medical semiconductor multi-mode laser,,, https://www.sevensix.co.jp/products/1064ld_bwt/,,,,,,,,,,,,,
 Semiconductor laser diode (LD), Fabry-Perot laser,, 3SP Technologies, Single-mode semiconductor laser for Raman excitation,,, https://www.sevensix.co.jp/products/ramanld_3sp/,,,,,,,,,,,,,
 Semiconductor laser diode (LD),Fabry-Perot laser,, eagleyard Photonics GmbH, Wideband Gain Chip,,, https://www.sevensix.co.jp/products/gainchip_eyp/,,,,,,,,,,,,,
 Semiconductor laser diode (LD), Fabry-Perot laser,, Innolume GmbH, Gain Chip,,, https://www.sevensix.co.jp/products/gainchip_innolume/,,,,,,,,,,,,,
 Semiconductor laser diode (LD), Fabry-Perot laser,, Innolume GmbH, Wideband Gain Module,,, https://www.sevensix.co.jp/products/gainmodule_innolume/,,,,,,,,,,,,,
 Semiconductor laser diode (LD), Fabry-Perot laser,, Toptica Eagleyard, Multimode Laser Diode,,, https://www.sevensix.co.jp/products/mmld653nm_eagleyard/,,,,,,,,,,,,,
 Semiconductor laser diode (LD), Fabry-Perot laser,, 3SP Technologies, Single-mode semiconductor laser for Raman excitation,,, https://www.sevensix.co.jp/products/ramanld_3sp-2/,,,,,,,,,,,,,
 Semiconductor laser diode (LD), VCSEL (vertical cavity surface emitting laser),," Kyoto Semiconductor Co., Ltd.", VCSEL (Vertical Cavity Surface Emitting Laser) 850nm,,, https://www.sevensix.co.jp/products/vcsel_kyosemi/, 850 nm,,,,,,,,,,,,
 Semiconductor laser diode (LD), VCSEL (vertical cavity surface emitting laser),, Coherent (formerly II-VI),Face recognition system/3D sensor (VCSEL),,, https://www.sevensix.co.jp/products/vcsel_coherent/,,,,,,,,,,,,,
 Semiconductor laser diode (LD), LD controller/driver,," Trimatis Co., Ltd.", Ultrashort pulse 1ns LD driver,,, https://www.sevensix.co.jp/products/1nsldd_trimatiz/,,,,, 1 ns,,,,,,,,
 Semiconductor laser diode (LD), LD controller/driver,," Cell System Co., Ltd.", Compact all-in-one LD controller,,, https://www.sevensix.co.jp/products/ldc_cell/,,,,,,,,,,,,,
 Semiconductor laser diode (LD), LD controller/driver,," Trimatis Co., Ltd.", Short pulse drive LD driver,,, https://www.sevensix.co.jp/products/pulseldd_trimatiz/,,,,,,,,,,,,,
 Semiconductor laser diode (LD), LD controller/driver,," Cell System Co., Ltd.", LD/TEC/EA/PD controller,,, https://www.sevensix.co.jp/products/ldc_cell-2/,,,,,,,,,,,,,
 Semiconductor laser diode (LD), Pump LD, SM fiber, Innolume GmbH,Single-mode semiconductor laser,,, https://www.sevensix.co.jp/products/pompld_sm_innolume/,,,,,,,,,,,,,
 Semiconductor laser diode (LD), Pump LD, SM fiber, 3SP Technologies,Fabry-Perot laser (CW) SM fiber for core pumping,,, https://www.sevensix.co.jp/products/smld_3sp/,,,,, CW,,,,,,,,
 Semiconductor laser diode (LD), Pump LD, PM Fiber, 3SP Technologies, Fabry-Perot laser (CW) PM fiber for core pumping,,, https://www.sevensix.co.jp/products/pmld_3sp/,,,,, CW,,,,,,,,
 Semiconductor laser diode (LD), Pump LD, PM Fiber, 3SP Technologies, Single-mode semiconductor laser for Raman excitation,,,https://www.sevensix.co.jp/products/ramanld_3sp/,,,,,,,,,,,,,
 Semiconductor laser diode (LD), Pump LD, MM fiber, BWT Beijing LTD.," High-power semiconductor multimode laser with fiber optics, 520nm",,, https://www.sevensix.co.jp/products/ld520nm_bwt/, 520 nm,,,,,,,,,,,,
 Semiconductor laser diode (LD), Pump LD, MM fiber, BWT Beijing LTD., Fiber-attached high-power semiconductor multimode laser 635nm,,, https://www.sevensix.co.jp/products/ld635nm_bwt/, 635 nm,,,,,,,,,,,,
 Semiconductor laser diode (LD), Pump LD, MM fiber, eagleyard Photonics GmbH, Fiber-attached high-power semiconductor multimode laser 653nm,,, https://www.sevensix.co.jp/products/653ld_eyp/, 653 nm,,,,,,,,,,,,
 Semiconductor laser diode (LD), Pump LD, MM fiber, BWT Beijing LTD., Semiconductor multimode laser 785nm,,, https://www.sevensix.co.jp/products/ld785nm_bwt/, 785 nm,,,,,,,,,,,,
 Semiconductor laser diode (LD), Pump LD, MM fiber, BWT Beijing LTD., Fiber-attached high-power semiconductor multimode laser 793nm,,, https://www.sevensix.co.jp/products/ld793nm_bwt/, 793 nm,,,,,,,,,,,,
 Semiconductor laser diode (LD), Pump LD, MM fiber, BWT Beijing LTD., Fiber-attached high-power semiconductor multimode laser 808nm,,, https://www.sevensix.co.jp/products/ld808nm_bwt/, 808 nm,,,,,,,,,,,,
 Semiconductor laser diode (LD), Pump LD, MM fiber, Innolume GmbH, Semiconductor multimode laser / quantum dot laser,,, https://www.sevensix.co.jp/products/pompld_mm_innolume/,,,,,,,,,,,,,
 Semiconductor laser diode (LD), Pump LD, MM fiber, BWT Beijing LTD., Fiber-attached high-power semiconductor multimode laser 830nm,,, https://www.sevensix.co.jp/products/ld830nm_bwt/, 830 nm,,,,,,,,,,,,
 Semiconductor laser diode (LD), Pump LD, MM fiber, BWT Beijing LTD., Fiber-attached high-power semiconductor multimode laser 878.6nm,,, https://www.sevensix.co.jp/products/ld878nm_bwt/,,,,,,,,,,,,,
 Semiconductor laser diode (LD), Pump LD, MM fiber, BWT Beijing LTD., Fiber-attached high-power semiconductor multimode laser 915nm,,, https://www.sevensix.co.jp/products/915ld_bwt/, 915 nm,,,,,,,,,,,,
 Semiconductor laser diode (LD), Pump LD, MM fiber, BWT Beijing LTD., Fiber-attached semiconductor multimode laser 940nm,,,https://www.sevensix.co.jp/products/940ld_bwt/, 940 nm,,,,,,,,,,,,
 Semiconductor laser diode (LD), Pump LD, MM fiber, BWT Beijing LTD., Fiber-attached high-power semiconductor multimode laser 976nm,,, https://www.sevensix.co.jp/products/ld976nm_bwt/, 976 nm,,,,,,,,,,,,
 Semiconductor laser diode (LD), Pump LD, MM fiber, BWT Beijing LTD., Fiber-equipped medical semiconductor multi-mode laser,,, https://www.sevensix.co.jp/products/1064ld_bwt/,,,,,,,,,,,,,
 Semiconductor laser diode (LD), DFB laser,, eagleyard Photonics GmbH, DFB/DBR laser,,, https://www.sevensix.co.jp/products/dfblaser_eagleyard/,,,,,,,,,,,,,
 Semiconductor laser diode (LD), DFB laser,, Eblana Photonics Ltd., DML (DFB-like laser),,, https://www.sevensix.co.jp/products/dfblaser_eblana/,,,,,,,,,,,,,
 Semiconductor laser diode (LD), DFB laser,, Innolume GmbH, DFB single frequency laser,,, https://www.sevensix.co.jp/products/dfb_innolume/,,,,,,,,,,,,,
 Semiconductor laser diode (LD), DFB laser,, 3SP Technologies, DFB laser chip-on-submount type,,, https://www.sevensix.co.jp/products/dfb_3sp/,,,,,,,,,,,,,
 Semiconductor laser diode (LD), DFB laser,, TeraXion, Ultra-narrow linewidth DFB laser module,,, https://www.sevensix.co.jp/products/dfbld_teraxion/,,,,,,,,,,,,,
 Semiconductor laser diode (LD), DFB laser,, Coherent (formerly II-VI), Analog Optical Transmitter (EML),,, https://www.sevensix.co.jp/products/ao-topo_coherent/,,,,,,,,,,,,,
 Semiconductor laser diode (LD), blue laser,, BWT Beijing LTD., Blue semiconductor laser / Blue laser,,, https://www.sevensix.co.jp/products/blue-diode-laser/,,,,,,,,,,,,,
 Semiconductor laser diode (LD),Gain Chips/Gain Modules,, eagleyard Photonics GmbH, Wideband Gain Chip,,, https://www.sevensix.co.jp/products/gainchip_eyp/,,,,,,,,,,,,,
 Semiconductor laser diode (LD),Gain Chips/Gain Modules,, Innolume GmbH, Gain Chip,,, https://www.sevensix.co.jp/products/gainchip_innolume/,,,,,,,,,,,,,
 Semiconductor laser diode (LD),Gain Chips/Gain Modules,, Innolume GmbH, Wideband Gain Module,,, https://www.sevensix.co.jp/products/gainmodule_innolume/,,,,,,,,,,,,,
" Optical amplifiers/optical modulators/PDs/optical filters, etc.", Optical amplifier, Optical Fiber Amplifier, NKT Photonics A/S," Optical amplifier module ""Koheras Boostik"" for narrow linewidth laser ""Koheras""",,, https://www.sevensix.co.jp/products/koherasboostik_e15_nktp/,,,,,,,,,,,,,
" Optical amplifiers/optical modulators/PDs/optical filters, etc.", Optical amplifier, Optical Fiber Amplifier, NKT Photonics A/S," Optical amplifier module for ultrashort pulse laser ""aeroGAIN-ROD""",,, https://www.sevensix.co.jp/products/aerogain-rod/,,,,,,,,,,,,,
" Optical amplifiers/optical modulators/PDs/optical filters, etc.", Optical amplifier, Optical Fiber Amplifier, NKT Photonics A/S," Optical amplification module for ultrashort pulse lasers ""aeroGAIN-BASE""",,, https://www.sevensix.co.jp/products/aerogainbase_nktp/,,,,,,,,,,,,,
" Optical amplifiers/optical modulators/PDs/optical filters, etc.", Optical amplifier, Optical Fiber Amplifier, RAM Photonics LLC, Single-pulse optical amplifier,,,https://www.sevensix.co.jp/products/opticalamplifier_ramp/,,,,,,,,,,,,,
" Optical amplifiers/optical modulators/PDs/optical filters, etc.", Optical amplifier, Optical Fiber Amplifier, Phoenix Photonics Ltd., Few-mode optical amplifier,,, https://www.sevensix.co.jp/products/opticalamplifier_phoenix/,,,,,,,,,,,,,
" Optical amplifiers/optical modulators/PDs/optical filters, etc.", Optical amplifier, Optical Fiber Amplifier," Trimatis Co., Ltd.", Surge-free optical fiber amplifier,,, https://www.sevensix.co.jp/products/opticalamp_trimatiz/,,,,,,,,,,,,,
" Optical amplifiers/optical modulators/PDs/optical filters, etc.", Optical amplifier, SOA, Innolume GmbH, Semiconductor Optical Amplifier,,, https://www.sevensix.co.jp/products/soa_innolume/,,,,,,,,,,,,,
" Optical amplifiers/optical modulators/PDs/optical filters, etc.", Optical amplifier, SOA, Aeon Corporation, O-band semiconductor optical amplifier,,, https://www.sevensix.co.jp/products/optialamplifier_aeon/,,,,,,,,,,,,,
" Optical amplifiers/optical modulators/PDs/optical filters, etc.", Optical amplifier, SOA, Aeon Corporation, Semiconductor optical amplifiers for high-speed communications,,, https://www.sevensix.co.jp/products/semiconductoroa_aeon/,,,,,,,,,,,,,
" Optical amplifiers/optical modulators/PDs/optical filters, etc.", Optical amplifier, SOA, Aeon Corporation, Semiconductor Optical Amplifier for Swept Source,,, https://www.sevensix.co.jp/products/weptsouce_aeon/,,,,,,,,,,,,,
" Optical amplifiers/optical modulators/PDs/optical filters, etc.", Optical amplifier, SOA, Aeon Corporation, CL band semiconductor optical amplifier,,, https://www.sevensix.co.jp/products/clbandamplifier_aeon/,,,,,,,,,,,,,
" Optical amplifiers/optical modulators/PDs/optical filters, etc.", Optical amplifier,Tapered Amplifier, Toptica Eagleyard, Tapered Amplifier,,, https://www.sevensix.co.jp/products/taperamplifier_eagleyard/,,,,,,,,,,,,,
" Optical amplifiers/optical modulators/PDs/optical filters, etc.", Optical amplifier, Tapered Amplifier, exail, [Space] Low-noise optical amplifier,,, https://www.sevensix.co.jp/products/ixs-lnoa-cx-rad_exail/,,,,,,,,,,,,,
" Optical amplifiers/optical modulators/PDs/optical filters, etc.", Photodiode (PD),, Coherent (formerly II-VI), Analog optical link module (AO wave),,, https://www.sevensix.co.jp/products/aolm_coherent/,,,,,,,,,,,,,
" Optical amplifiers/optical modulators/PDs/optical filters, etc.", Photodiode (PD),, ID Photonics GmbH," Coherent receiver ""CORX""",,, https://www.sevensix.co.jp/products/id-photonics_corx/,,,,,,,,,,,,,
" Optical amplifiers/optical modulators/PDs/optical filters, etc.", Photodiode (PD),," Waka Manufacturing Co., Ltd.", Analog Optical Transmission System,,, https://www.sevensix.co.jp/products/5127/,,,,,,,,,,,,,
" Optical amplifiers/optical modulators/PDs/optical filters, etc.", Photodiode (PD),, Coherent (formerly II-VI), Ultra-wideband photodetector,,, https://www.sevensix.co.jp/products/pd_coherent/,,,,,,,,,,,,,
" Optical amplifiers/optical modulators/PDs/optical filters, etc.", Photodiode (PD),, Dicon Fiberoptics Inc.,Multi-channel TAP-PD,,, https://www.sevensix.co.jp/products/multi_tappd_dicon/,,,,,,,,,,,,,
" Optical amplifiers/optical modulators/PDs/optical filters, etc.", Photodiode (PD),, Dicon Fiberoptics Inc., TAP-PD for EDFA,,, https://www.sevensix.co.jp/products/tappd_dicon/,,,,,,,,,,,,,
" Optical amplifiers/optical modulators/PDs/optical filters, etc.", Photodiode (PD),," Kyoto Semiconductor Co., Ltd.", Silicon UV Sensor,,, https://www.sevensix.co.jp/products/siliconuv_kyosemi/,,,,,,,,,,,,,
" Optical amplifiers/optical modulators/PDs/optical filters, etc.", Photodiode (PD),, Agiltron Inc., Transparent In-Line Power Monitor,,, https://www.sevensix.co.jp/products/inline_monitor_agiltron/,,,,,,,,,,,,,
" Optical amplifiers/optical modulators/PDs/optical filters, etc.", Photodiode (PD),," Kyoto Semiconductor Co., Ltd.", Silicon high-speed response photodiode,,, https://www.sevensix.co.jp/products/silicon_fastpd_kyosemi/,,,,,,,,,,,,,
" Optical amplifiers/optical modulators/PDs/optical filters, etc.", Photodiode (PD),," Kyoto Semiconductor Co., Ltd.", Silicon Phototransistor,,, https://www.sevensix.co.jp/products/siliconpt_kyosemi/,,,,,,,,,,,,,
" Optical amplifiers/optical modulators/PDs/optical filters, etc.", Photodiode (PD),,"Kyoto Semiconductor Co., Ltd.", Avalanche photodiode InGaAs/Silicon,,, https://www.sevensix.co.jp/products/silicon_avapd_kyosemi/,,,,,,,,,,,,,
" Optical amplifiers/optical modulators/PDs/optical filters, etc.", Photodiode (PD),," Kyoto Semiconductor Co., Ltd.", Silicon photodiode,,, https://www.sevensix.co.jp/products/siliconpd_kyosemi/,,,,,,,,,,,,,
" Optical amplifiers/optical modulators/PDs/optical filters, etc.", Photodiode (PD),," Kyoto Semiconductor Co., Ltd.", Silicon Photodiode Array,,, https://www.sevensix.co.jp/products/siliconpdarray_kyosemi/,,,,,,,,,,,,,
" Optical amplifiers/optical modulators/PDs/optical filters, etc.", Photodiode (PD),," Kyoto Semiconductor Co., Ltd.", GaAs photodiode,,, https://www.sevensix.co.jp/products/gaaspd_kyosemi/,,,,,,,,,,,,,
" Optical amplifiers/optical modulators/PDs/optical filters, etc.", Photodiode (PD),," Kyoto Semiconductor Co., Ltd.", GaAs PD-TIA receiver,,, https://www.sevensix.co.jp/products/pdtia_kyosemi/,,,,,,,,,,,,,
" Optical amplifiers/optical modulators/PDs/optical filters, etc.", Photodiode (PD),," Kyoto Semiconductor Co., Ltd.",InGaAs APD-TIA receiver,,, https://www.sevensix.co.jp/products/apdtia_kyosemi/,,,,,,,,,,,,,
" Optical amplifiers/optical modulators/PDs/optical filters, etc.", Photodiode (PD),," Kyoto Semiconductor Co., Ltd.", InGaAs PD-TIA receiver,,, https://www.sevensix.co.jp/products/ingaas-pd-tia%e3%83%ac%e3%82%b7%e3%83%bc%e3%83%90%e3%83%bc-%e4%ba%ac%e9%83%bd%e3%82%bb%e3%83%9f%e3%82%b3%e3%83%b3%e3%83%80%e3%82%af%e3%82%bf%e3%83%bc/,,,,,,,,,,,,,
" Optical amplifiers/optical modulators/PDs/optical filters, etc.", Photodiode (PD),," Kyoto Semiconductor Co., Ltd.", Thermoelectrically cooled InGaAs/InAs photodiode,,, https://www.sevensix.co.jp/products/inaspd_kyosemi/,,,,,,,,,,,,,
" Optical amplifiers/optical modulators/PDs/optical filters, etc.", Photodiode (PD),," : Kyoto Semiconductor Co., Ltd.", Long wavelength InGaAs photodiode,,, https://www.sevensix.co.jp/products/ingaaspd_kyosemi/,,,,,,,,,,,,,
" Optical amplifiers/optical modulators/PDs/optical filters, etc.", Photodiode (PD),, 3SP Technologies, 2.5Gbps Pin Photodiode Chip/Chip-on-Submount Type,,, https://www.sevensix.co.jp/products/pd_chip_3sp/,,,,,,,,,,,,,
" Optical amplifiers/optical modulators/PDs/optical filters, etc.",Photodiode (PD),, Agiltron Inc., Optical electric field sensor,,, https://www.sevensix.co.jp/products/sensor_agiltron/,,,,,,,,,,,,,
" Optical amplifiers/optical modulators/PDs/optical filters, etc.", Optical switch,, HUBER+SUHNER Polatis, Ultra-low loss matrix optical switch for quantum,,, https://www.sevensix.co.jp/products/quantum_switch_polatis/,,,,,,,,,,,,,
" Optical amplifiers/optical modulators/PDs/optical filters, etc.", Optical switch,, HUBER+SUHNER Polatis, Piezoelectric Actuator Matrix Optical Switch,,, https://www.sevensix.co.jp/products/opticalswitch_polatis/,,,,,,,,,,,,,
" Optical amplifiers/optical modulators/PDs/optical filters, etc.", Optical switch,, Coherent (formerly II-VI), Flexgrid Wavelength Selective Optical Switch (WSS),,, https://www.sevensix.co.jp/products/flexgridwss_coherent/,,,,,,,,,,,,,
" Optical amplifiers/optical modulators/PDs/optical filters, etc.", Optical switch,, NTT AT, Optical switch ROME series,,, https://www.sevensix.co.jp/products/switch_rome_nttat/,,,,,,,,,,,,,
" Optical amplifiers/optical modulators/PDs/optical filters, etc.", Optical switch,, Dicon Fiberoptics Inc., MEMS type optical switch for visible light,,, https://www.sevensix.co.jp/products/mems_switch_dicon/,,,,,,,,,,,,,
" Optical amplifiers/optical modulators/PDs/optical filters, etc.", Optical switch,, Agiltron Inc., High-power optical switch,,, https://www.sevensix.co.jp/products/hpswitch_agiltron/,,,,,,,,,,,,,
" Optical amplifiers/optical modulators/PDs/optical filters, etc.", Optical switch,, Dicon Fiberoptics Inc.,Prism-type optical switch,,, https://www.sevensix.co.jp/products/prismswitch_dicon/,,,,,,,,,,,,,
" Optical amplifiers/optical modulators/PDs/optical filters, etc.", Optical switch,, Agiltron Inc., Nanosecond response MEMS optical switch,,, https://www.sevensix.co.jp/products/nr_mems_switch_agiltron/,,,,,,,,,,,,,
" Optical amplifiers/optical modulators/PDs/optical filters, etc.", Optical switch,, Dicon Fiberoptics Inc., Stepping motor type optical switch,,, https://www.sevensix.co.jp/products/smswitch_dicon/,,,,,,,,,,,,,
" Optical amplifiers/optical modulators/PDs/optical filters, etc.", Optical switch,, Dicon Fiberoptics Inc., Programmable Optical Switch Module,,, https://www.sevensix.co.jp/products/pswitch850_dicon/,,,,,,,,,,,,,
" Optical amplifiers/optical modulators/PDs/optical filters, etc.", Optical switch,, Dicon Fiberoptics Inc., MEMS blocking optical switch | DiCon,,, https://www.sevensix.co.jp/products/mems_bswitch_dicon/,,,,,,,,,,,,,
" Optical amplifiers/optical modulators/PDs/optical filters, etc.", Optical switch,, Agiltron Inc., MEMS non-latching optical switch,,, https://www.sevensix.co.jp/products/mems_nonlactchswitch_agiltron/,,,,,,,,,,,,,
" Optical amplifiers/optical modulators/PDs/optical filters, etc.", Optical switch,, Dicon Fiberoptics Inc., MEMS optical switch,,, https://www.sevensix.co.jp/products/mems_switch1290_dicon/,,,,,,,,,,,,,
" Optical amplifiers/optical modulators/PDs/optical filters, etc.", Optical switch,, Dicon Fiberoptics Inc., MEMS optical switch module,,,https://www.sevensix.co.jp/products/mems_module_dicon/,,,,,,,,,,,,,
" Optical amplifiers/optical modulators/PDs/optical filters, etc.", Optical switch,, Dicon Fiberoptics Inc., MEMS type ON/OFF optical switch,,, https://www.sevensix.co.jp/products/mems_onoffswitch_dicon/,,,,,,,,,,,,,
" Optical amplifiers/optical modulators/PDs/optical filters, etc.", Optical switch,, Dicon Fiberoptics Inc., MEMS 3-channel flexport optical switch,,, https://www.sevensix.co.jp/products/mems_flexport_switch_dicon/,,,,,,,,,,,,,
" Optical amplifiers/optical modulators/PDs/optical filters, etc.", Optical switch,, Dicon Fiberoptics Inc., Programmable Optical Switch Module,,, https://www.sevensix.co.jp/products/ps_module_dicon/,,,,,,,,,,,,,
" Optical amplifiers/optical modulators/PDs/optical filters, etc.", Optical switch,, Dicon Fiberoptics Inc., MEMS-based 3D matrix optical switch,,, https://www.sevensix.co.jp/products/mems_3dmatrix_dicon/,,,,,,,,,,,,,
" Optical amplifiers/optical modulators/PDs/optical filters, etc.", Optical switch,, Dicon Fiberoptics Inc., MEMS Multicast Optical Switch | DiCon,,, https://www.sevensix.co.jp/products/mems_mswitch_dicon/,,,,,,,,,,,,,
" Optical amplifiers/optical modulators/PDs/optical filters, etc.", Optical switch,, Agiltron Inc., Crystal-type optical switch,,, https://www.sevensix.co.jp/products/cswitch_agiltron/,,,,,,,,,,,,,
" Optical amplifiers/optical modulators/PDs/optical filters, etc.", Optical switch,, Agiltron Inc., Crystalline Type 3-Stage Optical Switch,,, https://www.sevensix.co.jp/products/c3stage_switch_agiltron/,,,,,,,,,,,,,
" Optical amplifiers/optical modulators/PDs/optical filters, etc.", Optical switch,, Agiltron Inc.,Crystal type high power optical switch,,, https://www.sevensix.co.jp/products/c_hpswitch_agiltron/,,,,,,,,,,,,,
" Optical amplifiers/optical modulators/PDs/optical filters, etc.", Optical Modulator, Intensity Modulator, HyperLight, Thin-film LN 145GHz optical intensity modulator,,, https://www.sevensix.co.jp/products/ln145ghz_hyperlight/,,,,,,,, 145 GHz,,,,,
" Optical amplifiers/optical modulators/PDs/optical filters, etc.", Optical Modulator, Intensity Modulator, HyperLight, Thin-film LN 65GHz IQ optical modulator,,, https://www.sevensix.co.jp/products/65ghz-iq_modulator_hyperlight/,,,,,,,, 65 GHz,,,,,
" Optical amplifiers/optical modulators/PDs/optical filters, etc.", Optical Modulator, Intensity Modulator, HyperLight, Thin-film LN 110GHz optical phase modulator,,, https://www.sevensix.co.jp/products/110ghz-phase_modulator-hyperlight/,,,,,,,, 110 GHz,,,,,
" Optical amplifiers/optical modulators/PDs/optical filters, etc.", Optical Modulator, Intensity Modulator, HyperLight, Thin-film LN 40GHz Ultra-low Vπ Optical Phase Modulator,,, https://www.sevensix.co.jp/products/40ghz-phase_modulator-hyperlight/,,,,,,,, 40 GHz,,,,,
" Optical amplifiers/optical modulators/PDs/optical filters, etc.", Optical Modulator, Intensity Modulator, HyperLight, Thin-film LN 110GHz IQ optical modulator,,, https://www.sevensix.co.jp/products/110ghz_iq_modulator_hyperlight/,,,,,,,, 110 GHz,,,,,
" Optical amplifiers/optical modulators/PDs/optical filters, etc.", Optical Modulator, Intensity Modulator, HyperLight, Thin-film LN 40GHz Ultra-low Vπ Optical Intensity Modulator,,, https://www.sevensix.co.jp/products/40ghz_intensity_modulator_hyperlight/,,,,,,,, 40 GHz,,,,,
" Optical amplifiers/optical modulators/PDs/optical filters, etc.", Optical Modulator, Intensity Modulator,HyperLight, Thin-film LN 65GHz optical intensity modulator,,, https://www.sevensix.co.jp/products/65ghz_intensity_modulator_hyperlight/,,,,,,,, 65 GHz,,,,,
" Optical amplifiers/optical modulators/PDs/optical filters, etc.", Optical Modulator, Intensity Modulator, HyperLight, [Space Grade] High Extinction Ratio Intensity Modulator,,, https://www.sevensix.co.jp/products/fm-mxer-ln-10_exail/,,,,,,,,,,,,,
" Optical amplifiers/optical modulators/PDs/optical filters, etc.", Optical Modulator, Intensity Modulator, HyperLight, [Space Grade] Phase Modulator,,, https://www.sevensix.co.jp/products/nir-mpx-ln-01_exail/,,,,,,,,,,,,,
" Optical amplifiers/optical modulators/PDs/optical filters, etc.", Optical Modulator, Intensity Modulator, HyperLight, Thin-film LN 110GHz optical intensity modulator,,, https://www.sevensix.co.jp/products/lnmodulator_hyperlight/,,,,,,,, 110 GHz,,,,,
" Optical amplifiers/optical modulators/PDs/optical filters, etc.", Optical Modulator, Intensity Modulator, iXBlue SAS, 800 nm band 10GHz/20GHz intensity modulator,,, https://www.sevensix.co.jp/products/800nmband_10ghz20ghzim_ixblue/, 800 nm,,,,,,, 10 GHz,,,,,
" Optical amplifiers/optical modulators/PDs/optical filters, etc.", Optical Modulator, Intensity Modulator, iXBlue SAS, 1um band 20GHz intensity modulator,,, https://www.sevensix.co.jp/products/1umband_20ghzim_ixblue/, 1 µm,,,,,,, 20 GHz,,,,,
" Optical amplifiers/optical modulators/PDs/optical filters, etc.", Optical Modulator, Intensity Modulator, iXBlue SAS, 1.3um band 10GHz/20GHz/30GHz intensity modulator,,, https://www.sevensix.co.jp/products/13ummodulator_ixblue/, 1.3 µm,,,,,,, 10 GHz,,,,,
" Optical amplifiers/optical modulators/PDs/optical filters, etc.", Optical Modulator, Intensity Modulator, iXBlue SAS,1.5 um band 10GHz/20GHz/30GHz intensity modulator,,, https://www.sevensix.co.jp/products/15ummodulator_ixblue/, 1.5 µm,,,,,,, 10 GHz,,,,,
" Optical amplifiers/optical modulators/PDs/optical filters, etc.", Optical Modulator, Intensity Modulator, iXBlue SAS, 1.5 um band 10GHz/20GHz/40GHz high extinction ratio intensity modulator,,, https://www.sevensix.co.jp/products/15ummodulator_erim_ixbue/, 1.5 µm,,,,,,, 10 GHz,,,,,
" Optical amplifiers/optical modulators/PDs/optical filters, etc.", Optical Modulator, Phase Modulator, iXBlue SAS, 800nm band 5GHz/10GHz/20GHz phase modulator,,, https://www.sevensix.co.jp/products/nirmpx_ixblue/, 800 nm,,,,,,, 5 GHz,,,,,
" Optical amplifiers/optical modulators/PDs/optical filters, etc.", Optical Modulator, Phase Modulator, iXBlue SAS, 1.5um band 150MHz~33GHz phase modulator,,, https://www.sevensix.co.jp/products/mpxln_ixblue/, 1.5 µm,,,,,,, 150 MHz,,,,,
" Optical amplifiers/optical modulators/PDs/optical filters, etc.", Optical Modulator, Phase Modulator, iXBlue SAS, 2um band 100MHz/10GHz phase modulator,,, https://www.sevensix.co.jp/products/mpx_ixblue/, 2 µm,,,,,,, 100 MHz,,,,,
" Optical amplifiers/optical modulators/PDs/optical filters, etc.", Optical Modulator, RF Driver for Modulator, iXBlue SAS, 2um band 1GHz / 10GHz intensity modulator,,, https://www.sevensix.co.jp/products/2um%e5%b8%af-1ghz-10ghz-%e5%bc%b7%e5%ba%a6%e5%a4%89%e8%aa%bf%e5%99%a8-ix-blue/, 2 µm,,,,,,, 1 GHz,,,,,
" Optical amplifiers/optical modulators/PDs/optical filters, etc.", Optical Modulator, Modulator Box (ModBox), iXBlue SAS,1.5um Band 12.5/28Gbps DPSK Modulator Box,,, https://www.sevensix.co.jp/products/dpsk_ixblue/, 1.5 µm,,,,,,,,,,,,
" Optical amplifiers/optical modulators/PDs/optical filters, etc.", Optical Modulator, Modulator Box (ModBox), iXBlue SAS, 1.5um band 28 Gbaud-PAM4 Modulator Box,,, https://www.sevensix.co.jp/products/modbox_ixblue/, 1.5 µm,,,,,,,,,,,,
" Optical amplifiers/optical modulators/PDs/optical filters, etc.", Optical Filter, Optical arbitrary waveform shaper (Wave Shaper), Coherent (formerly II-VI), Communications Band Spectrum and Dispersion Control Processor WaveShaper A/B Series,,, https://www.sevensix.co.jp/products/waveshaper_ab_coherent/,,,,,,,,,,,,, can be
" Optical amplifiers/optical modulators/PDs/optical filters, etc.", Optical Filter, Optical arbitrary waveform shaper (Wave Shaper), Coherent (formerly II-VI), Optical Spectral Synthesizer WaveMaker Series,,, https://www.sevensix.co.jp/products/coherent_wavemaker4000a/,,,,,,,,,,,,,
" Optical amplifiers/optical modulators/PDs/optical filters, etc.", Optical Filter, Optical arbitrary waveform shaper (Wave Shaper), Coherent (formerly II-VI)," WaveShaper 1000A/SP, a time and spectrum processor for 1µm ultrashort pulse fiber lasers",,, https://www.sevensix.co.jp/products/waveshaper1000a_coherent/, 1 µm,,,,,,,,,,,, can be
" Optical amplifiers/optical modulators/PDs/optical filters, etc.", Optical Filter, Wavelength bandwidth tunable optical filter, EXFO," Wavelength bandwidth tunable optical filter ""XTA-50 / XTM-50""",,,https://www.sevensix.co.jp/products/xta50_xtm50_exfo/,,,,,,,,,,,,,
" Optical amplifiers/optical modulators/PDs/optical filters, etc.", Optical Filter, Wavelength bandwidth tunable optical filter, NKT Photonics A/S, High-performance wavelength selection filter for white laser light source,,, https://www.sevensix.co.jp/products/scfilter_nktp/,,,,,,,,,,,,, can be
" Optical amplifiers/optical modulators/PDs/optical filters, etc.", Optical Filter, Wavelength bandwidth tunable optical filter, Agiltron Inc., Tunable Filter,,, https://www.sevensix.co.jp/products/wtfilter_agiltron/,,,,,,,,,,,,,
" Optical amplifiers/optical modulators/PDs/optical filters, etc.", Optical Filter, Wavelength bandwidth tunable optical filter, Dicon Fiberoptics Inc., MEMS-based 100GHz-spaced tunable optical filter for network applications,,, https://www.sevensix.co.jp/products/mems_100ghzitfilter_dicon/,,,,,,,, 100 GHz,,,,,
" Optical amplifiers/optical modulators/PDs/optical filters, etc.", Optical Filter, Wavelength bandwidth tunable optical filter, Dicon Fiberoptics Inc., MEMS tunable optical filter,,, https://www.sevensix.co.jp/products/mems_tfilter_dicon/,,,,,,,,,,,,,
" Optical amplifiers/optical modulators/PDs/optical filters, etc.", Optical Filter, Wavelength bandwidth tunable optical filter, Dicon Fiberoptics Inc., Motorized C-band tunable optical filter,,, https://www.sevensix.co.jp/products/m_cband_tfilter_dicon/,,,,,,,,,,,,,
" Optical amplifiers/optical modulators/PDs/optical filters, etc.", Optical Filter, Wavelength bandwidth tunable optical filter, Dicon Fiberoptics Inc.,GP750 Programmable Tunable Filter,,, https://www.sevensix.co.jp/products/gp750_ptfilter_dicon/,,,,,,,,,,,,,
" Optical amplifiers/optical modulators/PDs/optical filters, etc.", Optical Filter, Wavelength bandwidth tunable optical filter, Dicon Fiberoptics Inc., Manually tunable C-band optical filter,,, https://www.sevensix.co.jp/products/cband_tfilter_dicon/,,,,,,,,,,,,,
" Optical amplifiers/optical modulators/PDs/optical filters, etc.", Optical Filter, Wavelength bandwidth tunable optical filter, KS Photonics Inc., Fiber-type acousto-optic wavelength tunable filter AOTF,,, https://www.sevensix.co.jp/products/fiber_awtfilter_aotf_ksp/,,,,,,,,,,,,,
" Optical amplifiers/optical modulators/PDs/optical filters, etc.", Optical Filter, MUX/DEMUX, Kylia Inc., Tunable wavelength multiplexer/demultiplexer (Mux/Demux),,, https://www.sevensix.co.jp/products/twmdmodule_kylia/,,,,,,,,,,,,,
" Optical amplifiers/optical modulators/PDs/optical filters, etc.", Optical Filter, MUX/DEMUX, 3Coptics, MUX/DEMUX (optical multiplexer/demultiplexer),,, https://www.sevensix.co.jp/products/mux_demux_3coptics/,,,,,,,,,,,,,
" Optical amplifiers/optical modulators/PDs/optical filters, etc.", Optical Filter, MUX/DEMUX, Dicon Fiberoptics Inc., CWDM Filters,,, https://www.sevensix.co.jp/products/cwdmfilter_dicon/,,,,,,,,,,,,,
" Optical amplifiers/optical modulators/PDs/optical filters, etc.", Optical Filter, MUX/DEMUX, Dicon Fiberoptics Inc., WDM Filter,,, https://www.sevensix.co.jp/products/wdmfilter_dicon/,,,,,,,,,,,,,
" Optical amplifiers/optical modulators/PDs/optical filters, etc.", Optical Filter, MUX/DEMUX,Dicon Fiberoptics Inc., Wideband WDM Filter,,, https://www.sevensix.co.jp/products/wideband_wdmfilter_dicon/,,,,,,,,,,,,,
" Optical amplifiers/optical modulators/PDs/optical filters, etc.", Optical Filter, QAM emulator, Kylia Inc., QAM emulator,,, https://www.sevensix.co.jp/products/qamemulator_kylia/,,,,,,,,,,,,,
" Optical amplifiers/optical modulators/PDs/optical filters, etc.", Optical Filter, Polarization Division Multiplexing Emulator, Kylia Inc., Polarization Division Multiplexing Emulator,,, https://www.sevensix.co.jp/products/pdmemulator_kylia/,,,,,,,,,,,,,
" Optical amplifiers/optical modulators/PDs/optical filters, etc.", Optical Filter, Polarization Division Multiplexing Emulator, TeraXion, FBG wavelength dispersion emulator,,, https://www.sevensix.co.jp/products/fbg_mwdemulator_teraxion/,,,,,,,,,,,,,
" Optical amplifiers/optical modulators/PDs/optical filters, etc.", Optical Filter, Optical Bit Rate Doubler, Kylia Inc., Optical Bit Rate Doubler,,, https://www.sevensix.co.jp/products/obmultiplier_kylia/,,,,,,,,,,,,,
" Optical amplifiers/optical modulators/PDs/optical filters, etc.", Optical Filter, Optical Hybrid, Kylia Inc., 90° Optical Hybrid,,, https://www.sevensix.co.jp/products/hybrid_kylia/,,,,,,,,,,,,,
" Optical amplifiers/optical modulators/PDs/optical filters, etc.", Optical Filter, Optical Hybrid, ITF Technologies Inc., Gain Framing Filter GFF,,, https://www.sevensix.co.jp/products/gff_ift/,,,,,,,,,,,,,
" Optical amplifiers/optical modulators/PDs/optical filters, etc.", Optical Filter, Optical Hybrid, Optizone Technology Limited,Isolator/Filter WDM Hybrid,,, https://www.sevensix.co.jp/products/iso_wdmhybrid_optizone/,,,,,,,,,,,,,
" Optical amplifiers/optical modulators/PDs/optical filters, etc.", Optical Filter, Optical Hybrid, Optizone Technology Limited, Polarization-maintaining isolator/WDM hybrid,,, https://www.sevensix.co.jp/products/pmi_wdmhybrid_optizone/,,,,,,,,,,,,,
" Optical amplifiers/optical modulators/PDs/optical filters, etc.", Optical Filter, variable optical delay, Kylia Inc., variable optical delay,,, https://www.sevensix.co.jp/products/vod_kylia/,,,,,,,,,,,,,
" Optical amplifiers/optical modulators/PDs/optical filters, etc.", Optical Filter, variable optical delay, Agiltron Inc., Wideband/High-resolution Variable Optical Delay,,, https://www.sevensix.co.jp/products/vod_agiltron/,,,,,,,,,,,,,
" Optical amplifiers/optical modulators/PDs/optical filters, etc.", Optical Filter, Optical delay interferometer, Kylia Inc., Optical delay interferometer,,, https://www.sevensix.co.jp/products/odi_kylia/,,,,,,,,,,,,,
 Optical fiber wire/Optical fiber patch cord, Single-clad fiber, SM fiber, NKT Photonics A/S, Hollow-core photonic bandgap fiber,,, https://www.sevensix.co.jp/products/hc_nktp/,,,,,,,,,,,,,
 Optical fiber wire/Optical fiber patch cord, Single-clad fiber, SM fiber, exail, [Space grade] Polarization-maintaining gyro fiber,,, https://www.sevensix.co.jp/products/space-grade-jf_exail/,,,,,,,,,,,,,
 Optical fiber wire/Optical fiber patch cord, Single-clad fiber, SM fiber, Coractive.,Optical Passive Fiber,,, https://www.sevensix.co.jp/products/single_sm_coractive/,,,,,,,,,,,,,
 Optical fiber wire/Optical fiber patch cord, Single-clad fiber, PM Fiber, NKT Photonics A/S, Highly nonlinear photonic crystal fiber,,, https://www.sevensix.co.jp/products/hnpcfiber_nktp/,,,,,,,,,,,,,
 Optical fiber wire/Optical fiber patch cord, Rare-earth doped fiber (Yb/Er), SM fiber, iXBlue SAS, Radiation-resistant rare-earth doped fiber,,, https://www.sevensix.co.jp/products/eryb_smffiber_ixblue/,,,,,,,,,,,,,
 Optical fiber wire/Optical fiber patch cord, Rare-earth doped fiber (Yb/Er), SM fiber, exail, [Space Grade] Radiation-cured doped fiber,,, https://www.sevensix.co.jp/products/space-grad-dpfiber_exail/,,,,,,,,,,,,,
 Optical fiber wire/Optical fiber patch cord, Rare-earth doped fiber (Yb/Er), SM fiber, Coractive., rare earth doped fiber,,, https://www.sevensix.co.jp/products/rare_smf_coractive/,,,,,,,,,,,,,
 Optical fiber wire/Optical fiber patch cord, Rare-earth doped fiber (Yb/Er), SM fiber, iXBlue SAS, Er-doped double-clad multi-core fiber,,, https://www.sevensix.co.jp/products/er_dcmfiber_ixblue/,,,,,,,,,,,,,
 Optical fiber wire/Optical fiber patch cord, Rare-earth doped fiber (Yb/Er), PM Fiber, iXBlue SAS, Radiation-resistant rare-earth doped fiber,,, https://www.sevensix.co.jp/products/eryb_pmffiber_ixblue/,,,,,,,,,,,,,
 Optical fiber wire/Optical fiber patch cord, Rare-earth doped fiber (Yb/Er), PM Fiber, NKT Photonics A/S, Yb-doped double-clad photonic crystal fiber,,,https://www.sevensix.co.jp/products/yb_dcpcfiber_nktp/,,,,,,,,,,,,,
 Optical fiber wire/Optical fiber patch cord, Rare-earth doped fiber (Yb/Er), PM Fiber, Coractive., rare earth doped fiber,,, https://www.sevensix.co.jp/products/rare_pmf_coractive/,,,,,,,,,,,,,
 Optical fiber wire/Optical fiber patch cord, Rare-earth doped fiber (Yb/Er), PM Fiber, NKT Photonics A/S, Tm-doped double-clad photonic crystal fiber,,, https://www.sevensix.co.jp/products/nkt_tm_fiber/,,,,,,,,,,,,,
 Optical fiber wire/Optical fiber patch cord, Multicore Fiber,, iXBlue SAS, Er-doped double-clad multi-core fiber,,, https://www.sevensix.co.jp/products/er_dcmfiber_ixblue/,,,,,,,,,,,,,
 Optical fiber wire/Optical fiber patch cord, Multicore Fiber,, iXBlue SAS, Multicore fiber fanout,,, https://www.sevensix.co.jp/products/mfiber_famout_ixblue/,,,,,,,,,,,,,
 Optical fiber wire/Optical fiber patch cord, double clad fiber, SM fiber, iXBlue SAS, Er-doped double-clad multi-core fiber,,, https://www.sevensix.co.jp/products/er_dcmfiber_ixblue/,,,,,,,,,,,,,
 Optical fiber wire/Optical fiber patch cord, double clad fiber, SM fiber, Coractive., Optical passive fiber Double clad SM fiber,,, https://www.sevensix.co.jp/products/double_sm_coractive/,,,,,,,,,,,,,
 Optical fiber wire/Optical fiber patch cord, double clad fiber, PM Fiber, Coractive., Optical Passive Fiber Double-Clad PM Fiber,,, https://www.sevensix.co.jp/products/double_pm_coractive/,,,,,,,,,,,,,
 Optical fiber wire/Optical fiber patch cord,Photonic Crystal Fiber, SM fiber, NKT Photonics A/S, Large-mode-area photonic crystal fiber/SMF,,, https://www.sevensix.co.jp/products/lma_sm_nktp/,,,,,,,,,,,,,
 Optical fiber wire/Optical fiber patch cord,Photonic Crystal Fiber, SM fiber, NKT Photonics A/S, Hollow-core photonic bandgap fiber,,, https://www.sevensix.co.jp/products/hc_nktp/,,,,,,,,,,,,,
 Optical fiber wire/Optical fiber patch cord,Photonic Crystal Fiber, PM Fiber, NKT Photonics A/S, Large-mode-area photonic crystal fiber (PMF),,, https://www.sevensix.co.jp/products/lma_pm_nktp/,,,,,,,,,,,,,
 Optical fiber wire/Optical fiber patch cord,Photonic Crystal Fiber, PM Fiber, NKT Photonics A/S, Yb-doped double-clad photonic crystal fiber,,, https://www.sevensix.co.jp/products/yb_dcpcfiber_nktp/,,,,,,,,,,,,,
 Optical fiber wire/Optical fiber patch cord,Photonic Crystal Fiber, PM Fiber, NKT Photonics A/S, Highly nonlinear photonic crystal fiber,,, https://www.sevensix.co.jp/products/hnpcfiber_nktp/,,,,,,,,,,,,,
 Optical fiber wire/Optical fiber patch cord,Photonic Crystal Fiber, PM Fiber, NKT Photonics A/S, Tm-doped double-clad photonic crystal fiber,,, https://www.sevensix.co.jp/products/nkt_tm_fiber/,,,,,,,,,,,,,
 Optical fiber wire/Optical fiber patch cord, Fiber Optic Patch Cord, SM Fiber Patch Cord, Optizone Technology Limited, Single Mode Patch Cord,,, https://www.sevensix.co.jp/products/smp_optizone/,,,,,,,,,,,,,
 Optical fiber wire/Optical fiber patch cord, Fiber Optic Patch Cord, PM Fiber Patch Cord, Optizone Technology Limited, Polarization-Maintaining Patch Cord,,,https://www.sevensix.co.jp/products/optizone_pmpatchcode/,,,,,,,,,,,,,
 Optical fiber wire/Optical fiber patch cord, Fiber Optic Patch Cord, MM Fiber Patch Cord, 3Coptics, Fiber Optic Patch Cords (Simplex) / Duplex,,, https://www.sevensix.co.jp/products/3coptics_patchcode/,,,,,,,,,,,,,
 Optical fiber wire/Optical fiber patch cord, Fiber Optic Patch Cord, PCF patch cord, NKT Photonics A/S, aeroGUIDE Large Mode Area Photonic Crystal Fiber Patch Cord,,, https://www.sevensix.co.jp/products/aeroguide_nktp/,,,,,,,,,,,,,
 Optical Fiber Components, Main lineup of optical fiber components,, Optizone Technology Limited, Main lineup of optical fiber components,,, https://www.sevensix.co.jp/products/opticalcomponent/,,,,,,,,,,,,,
 Optical Fiber Components, WDM coupler,, KS Photonics Inc., Multicore Fiber Coupler,,, https://www.sevensix.co.jp/products/multicore-fibercoupler_ks-photonics/,,,,,,,,,,,,,
 Optical Fiber Components, WDM coupler,, Optizone Technology Limited, Polarization-maintaining WDM filter coupler,,, https://www.sevensix.co.jp/products/pm_wdmfiltertc_optizone/,,,,,,,,,,,,,
 Optical Fiber Components, WDM coupler,, Optizone Technology Limited,Single-mode WDM filter coupler,,, https://www.sevensix.co.jp/products/sm_wdmfiltertc_optizone/,,,,,,,,,,,,,
 Optical Fiber Components, WDM coupler,, Optizone Technology Limited, Multimode WDM filter type coupler,,, https://www.sevensix.co.jp/products/m_wdmfiltertc_optizone/,,,,,,,,,,,,,
 Optical Fiber Components, WDM coupler,, Dicon Fiberoptics Inc., CWDM filter type coupler,,, https://www.sevensix.co.jp/products/cwdm_tc_dicon/,,,,,,,,,,,,,
 Optical Fiber Components, WDM coupler,, Dicon Fiberoptics Inc., WDM filter type coupler,,, https://www.sevensix.co.jp/products/wdm_tc_dicon/,,,,,,,,,,,,,
 Optical Fiber Components, Optical Fiber Isolator, SM isolator, Optizone Technology Limited, Broadband Single-Mode Isolator,,, https://www.sevensix.co.jp/products/wsm_isolator_optizone/,,,,,,,,,,,,,
 Optical Fiber Components, Optical Fiber Isolator, SM isolator, Optizone Technology Limited, High-power single-mode isolator,,, https://www.sevensix.co.jp/products/hpsm_isolator_optizone/,,,,,,,,,,,,,
 Optical Fiber Components, Optical Fiber Isolator, SM isolator, Optizone Technology Limited, Free Space Isolator,,,https://www.sevensix.co.jp/products/fs_isolator_optizone/,,,,,,,,,,,,,
 Optical Fiber Components, Optical Fiber Isolator, SM isolator, Optizone Technology Limited, Single Mode Isolator,,, https://www.sevensix.co.jp/products/sm_isolator_optizone/,,,,,,,,,,,,,
 Optical Fiber Components, Optical Fiber Isolator, PM Isolator, Optizone Technology Limited, High-power polarization-maintaining isolator,,, https://www.sevensix.co.jp/products/hppm_isolator_optizone/,,,,,,,,,,,,,
 Optical Fiber Components, Optical Fiber Isolator, PM Isolator, Optizone Technology Limited, High-power polarization-maintaining bandpass filter/isolator hybrid,,, https://www.sevensix.co.jp/products/hopmb_fi_hybrid_optizone/,,,,,,,,,,,,,
 Optical Fiber Components, Optical Fiber Isolator, PM Isolator, Optizone Technology Limited, Polarization-Maintaining Isolator Combiner/Splitter,,, https://www.sevensix.co.jp/products/pmic_splitter_optizone/,,,,,,,,,,,,,
 Optical Fiber Components, Optical Fiber Isolator, PM Isolator, Optizone Technology Limited, Polarization-Maintaining Tap Isolator,,, https://www.sevensix.co.jp/products/pmt_isolator_optizone/,,,,,,,,,,,,,
 Optical Fiber Components, Optical Fiber Isolator, PM Isolator,Optizone Technology Limited, Polarization-Maintaining Isolator,,, https://www.sevensix.co.jp/products/pm_isolator_optizone/,,,,,,,,,,,,,
 Optical Fiber Components, Optical Fiber Isolator, PM Isolator, Optizone Technology Limited, Polarization-independent tapped isolator,,, https://www.sevensix.co.jp/products/pit_isolator_optizone/,,,,,,,,,,,,,
 Optical Fiber Components, Optical Fiber Isolator, PM Isolator, Optizone Technology Limited, Multimode Isolator,,, https://www.sevensix.co.jp/products/misolator_optizone/,,,,,,,,,,,,,
 Optical Fiber Components, Optical Fiber Isolator, Collimator-equipped isolator, Optizone Technology Limited, High-power polarization-maintaining spatially coupled isolator,,, https://www.sevensix.co.jp/products/hpsms_oisolator_optizone/,,,,,,,,,,,,,
 Optical Fiber Components, Optical Fiber Isolator, Collimator Isolator, Optizone Technology Limited, High-power polarization-independent spatially coupled isolator,,, https://www.sevensix.co.jp/products/hppis_oisolator_optizone/,,,,,,,,,,,,,
 Optical Fiber Components, Optical Fiber Isolator, Isolator with WDM, Optizone Technology Limited,Isolator/Filter WDM Hybrid,,,https://www.sevensix.co.jp/products/iso_wdmhybrid_optizone/,,,,,,,,,,,,,
 Optical Fiber Components, Optical Fiber Isolator, Isolator with WDM, Optizone Technology Limited, Polarization-maintaining isolator/WDM hybrid,,, https://www.sevensix.co.jp/products/pmi_wdmhybrid_optizone/,,,,,,,,,,,,,
 Optical Fiber Components, High-power transmission fiber,, Optizone Technology Limited, High Power Assembly,,, https://www.sevensix.co.jp/products/hpa_optizone/,,,,,,,,,,,,,
 Optical Fiber Components, High-power transmission fiber,, Optizone Technology Limited, Optical fiber cable for high-power lasers,,, https://www.sevensix.co.jp/products/highpower-opticalcable_optizone/,,,,,,,,,,,,,
 Optical Fiber Components, Fiber Bragg Gravity,, ITF Technologies Inc., FBG Pump Rocker,,, https://www.sevensix.co.jp/products/fbg_pr_itf/,,,,,,,,,,,,,
 Optical Fiber Components, Fiber Bragg Gravity,, ITF Technologies Inc., FBG sensor single,,, https://www.sevensix.co.jp/products/fbg_ss_itf/,,,,,,,,,,,,,
 Optical Fiber Components, Fiber Bragg Gravity,, ITF Technologies Inc., FBG sensor array,,, https://www.sevensix.co.jp/products/fbg_sa_itf/,,,,,,,,,,,,,
 Optical Fiber Components, Fiber Optic Coupler, Filter coupler *Tap coupler included, Optizone Technology Limited,Fiber Optic Coupler (Tap) Single Mode,,, https://www.sevensix.co.jp/products/focsm_optizone/,,,,,,,,,,,,,
 Optical Fiber Components, Fiber Optic Coupler, Filter coupler *Tap coupler included, Optizone Technology Limited, Single mode filter coupler 1064nm,,, https://www.sevensix.co.jp/products/sm_fc_optizone/, 1064 nm,,,,,,,,,,,,
 Optical Fiber Components, Fiber Optic Coupler, Filter coupler *Tap coupler included, Optizone Technology Limited, Polarization-Maintaining Filter Coupler Module,,, https://www.sevensix.co.jp/products/pm_fcm_optizone/,,,,,,,,,,,,,
 Optical Fiber Components, Fiber Optic Coupler, Filter coupler *Tap coupler included, Optizone Technology Limited, Polarization-Maintaining Filter Coupler,,, https://www.sevensix.co.jp/products/pmfc_optizone/,,,,,,,,,,,,,
 Optical Fiber Components, Fiber Optic Coupler, Fused coupler (molten and stretched type), Optizone Technology Limited, Multimode Fused Coupler,,, https://www.sevensix.co.jp/products/mfc_optizone/,,,,,,,,,,,,,
 Optical Fiber Components, Fiber Optic Coupler, Fused coupler (molten and stretched type), Optizone Technology Limited, Polarization-Maintaining Fused Coupler,,,https://www.sevensix.co.jp/products/pmfc_optizone-2/,,,,,,,,,,,,,
 Optical Fiber Components, Fiber Optic Coupler, Fused coupler (molten and stretched type), Optizone Technology Limited, Single-mode fused coupler 980nm,,, https://www.sevensix.co.jp/products/smfc_optizone/, 980 nm,,,,,,,,,,,,
 Optical Fiber Components, Fiber Optic Coupler, Fused coupler (molten and stretched type), Optizone Technology Limited, Single-mode tree coupler,,, https://www.sevensix.co.jp/products/optizone/,,,,,,,,,,,,,
 Optical Fiber Components, Fiber Optic Coupler, Fused coupler (molten and stretched type), Optizone Technology Limited, Single-mode wideband monolithic coupler,,, https://www.sevensix.co.jp/products/%e3%82%b7%e3%83%b3%e3%82%b0%e3%83%ab%e3%83%a2%e3%83%bc%e3%83%89%e3%83%af%e3%82%a4%e3%83%89%e3%83%90%e3%83%b3%e3%83%89%e3%83%a2%e3%83%8e%e3%83%aa%e3%82%b7%e3%83%83%e3%82%af%e3%82%ab%e3%83%97%e3%83%a9/,,,,,,,,,,,,,
 Optical Fiber Components, Fiber Optic Coupler, Variable branching ratio coupler (manual/auto), KS Photonics Inc.,Variable branching ratio coupler: manual/automatic setting type,,, https://www.sevensix.co.jp/products/vbrc_mast_ksp/,,,,,,,,,,,,,
 Optical Fiber Components, Optical Circulator, SM Circulator, Optizone Technology Limited, Single Mode Circulator,,, https://www.sevensix.co.jp/products/smc_optizone/,,,,,,,,,,,,,
 Optical Fiber Components, Optical Circulator, SM Circulator, Agiltron Inc., Optical Circulator Wavelength: 1310 / 1550nm Output: 5W,,, https://www.sevensix.co.jp/products/occl_agilitron/, 1550 nm,, 5 W,,,,,,,,,,
 Optical Fiber Components, Optical Circulator, PM Circulator, Agiltron Inc., Optical Circulator Wavelength: 850 ~ 1060nm Output: 20W,,, https://www.sevensix.co.jp/products/oc_agilitron/, 850–1060 nm,, 20 W,,,,,,,,,,
 Optical Fiber Components, Optical Circulator, PM Circulator, Optizone Technology Limited, Polarization-maintaining optical circulator,,, https://www.sevensix.co.jp/products/pmoc_optizone/,,,,,,,,,,,,,
 Optical Fiber Components, Optical Collimator, SM Collimator, Optizone Technology Limited, Single-mode optical collimator,,,https://www.sevensix.co.jp/products/smoc_optizone/,,,,,,,,,,,,,
 Optical Fiber Components, Optical Collimator, PM Collimator, Optizone Technology Limited, Polarization-maintaining optical collimator,,, https://www.sevensix.co.jp/products/pmocl_optizone/,,,,,,,,,,,,,
 Optical Fiber Components, Optical Collimator, MM collimator, Optizone Technology Limited, Multimode Optical Collimator,,, https://www.sevensix.co.jp/products/moc_optizone/,,,,,,,,,,,,,
 Optical Fiber Components, Optical Combiner/Splitter, Pump Combiner, Optizone Technology Limited, Pump Signal Combiner,,, https://www.sevensix.co.jp/products/pompcombiner_optizone/,,,,,,,,,,,,,
 Optical Fiber Components, Optical Combiner/Splitter, Pump Combiner, Optizone Technology Limited, Polarization-Maintaining Isolator Combiner/Splitter,,, https://www.sevensix.co.jp/products/pmic_splitter_optizone/,,,,,,,,,,,,,
 Optical Fiber Components, Optical Combiner/Splitter, Pump Combiner, Optizone Technology Limited, Multimode Pump Combiner,,, https://www.sevensix.co.jp/products/mpc_optizone/,,,,,,,,,,,,,
 Optical Fiber Components, Optical Combiner/Splitter, Pump Combiner, ITF Technologies Inc., High-power pump combiner Wavelength: 800 ~ 1000nm Number of ports: 3x1 / 4x1 / 7x1 / 19x1 / 31x1,,, https://www.sevensix.co.jp/products/hppc_itf/,800–1000 nm,,,,,,,,,,,,
 Optical Fiber Components, Optical Combiner/Splitter, Pump Combiner, ITF Technologies Inc., High-power pump/signal combiner,,, https://www.sevensix.co.jp/products/hpp_sc_iitf/,,,,,,,,,,,,,
 Optical Fiber Components, Optical Combiner/Splitter, Pump Combiner, ITF Technologies Inc., Pump/Signal Combiner,,, https://www.sevensix.co.jp/products/p_sc_itf/,,,,,,,,,,,,,
 Optical Fiber Components, Optical Combiner/Splitter, Pump Combiner, ITF Technologies Inc., High Power Combiner,,, https://www.sevensix.co.jp/products/hpc_itf/,,,,,,,,,,,,,
 Optical Fiber Components, Optical Combiner/Splitter, Polarization Beam Combiner/Splitter, Optizone Technology Limited, Polarization Beam Combiner/Splitter,,, https://www.sevensix.co.jp/products/pbc_s_optizone/,,,,,,,,,,,,,
 Optical Fiber Components, Other optical fiber parts, Pump LD Protector, Optizone Technology Limited, Multimode pump LD protector,,, https://www.sevensix.co.jp/products/mp_ldp_optizone/,,,,,,,,,,,,,
 Optical Fiber Components, Other optical fiber parts, Cladding Power Stripper, Optizone Technology Limited, Crud Pump Stripper,,, https://www.sevensix.co.jp/products/cps_optizone/,,,,,,,,,,,,,
 Optical Fiber Components, Other optical fiber parts, Cladding Power Stripper,ITF Technologies Inc., Fiber Laser/Amplifier Components,,, https://www.sevensix.co.jp/products/fl_ac_itf/,,,,,,,,,,,,,
 Optical Fiber Components, Other optical fiber parts, In-line polarizer, Optizone Technology Limited, In-line polarizer,,, https://www.sevensix.co.jp/products/ip_optizone/,,,,,,,,,,,,,
 Optical Fiber Components, Other optical fiber parts, Fiber mirror, Optizone Technology Limited, Fiber mirror,,, https://www.sevensix.co.jp/products/fiberm_optizone/,,,,,,,,,,,,,
 Optical Fiber Components, Other optical fiber parts, Faraday mirror, Optizone Technology Limited, Faraday mirror,,, https://www.sevensix.co.jp/products/fm_optizone/,,,,,,,,,,,,,
 Optical Fiber Components, Other optical fiber parts, Faraday mirror, Optizone Technology Limited, Inline Faraday Rotator,,, https://www.sevensix.co.jp/products/fr_optizone/,,,,,,,,,,,,,
 Optical Fiber Components, Other optical fiber parts, Polarization Controller, KS Photonics Inc.," All-fiber polarization controller, single paddle type / 3 paddle type",,, https://www.sevensix.co.jp/products/aftpc_spt_3pt_ksp/,,,,,,,,,,,,,
 Optical Fiber Components, Other optical fiber parts, Polarization Controller, Agiltron Inc., High-Speed Polarization Scrambler,,, https://www.sevensix.co.jp/products/fps_agilitron/,,,,,,,,,,,,,
 Optical Fiber Components, Other optical fiber parts,VOA (Variable Optical Attenuator), Agiltron Inc., Free space MEMS type VOA,,, https://www.sevensix.co.jp/products/fs_mems_voa_agilitron/,,,,,,,,,,,,,
 Optical Fiber Components, Other optical fiber parts, VOA (Variable Optical Attenuator), Agiltron Inc., Solid-state high-power VOA,,, https://www.sevensix.co.jp/products/ssthp_voa_agilitron/,,,,,,,,,,,,,
 Optical Fiber Components, Other optical fiber parts, VOA (Variable Optical Attenuator), Dicon Fiberoptics Inc., MEMS-based programmable multimode VOA,,, https://www.sevensix.co.jp/products/mems_pm_voa_dicon/,,,,,,,,,,,,,
 Optical Fiber Components, Other optical fiber parts, VOA (Variable Optical Attenuator), Optizone Technology Limited, Screw-type VOA,,, https://www.sevensix.co.jp/products/st_voa_optizone/,,,,,,,,,,,,,
 Optical Fiber Components, Other optical fiber parts, VOA (Variable Optical Attenuator), Agiltron Inc., MEMS-based communication band single-mode VOA,,, https://www.sevensix.co.jp/products/mems_cbsm_voa_agilitron/,,,,,,,,,,,,,
 Optical Fiber Components, Other optical fiber parts, VOA (Variable Optical Attenuator), Dicon Fiberoptics Inc., MEMS-type rack-mount single-mode VOA,,, https://www.sevensix.co.jp/products/mems_rmsm_voa_dicon/,,,,,,,,,,,,,
 Optical Fiber Components, Other optical fiber parts,VOA (Variable Optical Attenuator), Agiltron Inc., MEMS VOA array,,, https://www.sevensix.co.jp/products/mems_voa_a_agilitron/,,,,,,,,,,,,,
 Optical Fiber Components, Other optical fiber parts, VOA (Variable Optical Attenuator), Agiltron Inc., Ultra-compact fiber probe for OCT,,, https://www.sevensix.co.jp/products/oct%e5%90%91%e3%81%91-%e8%b6%85%e5%b0%8f%e5%9e%8b%e3%83%95%e3%82%a1%e3%82%a4%e3%83%90%e3%83%bc%e3%83%97%e3%83%ad%e3%83%bc%e3%83%96-agiltron/,,,,,,,,,,,,,
 Optical Fiber Components, Other optical fiber parts, VOA (Variable Optical Attenuator), Optizone Technology Limited, Polarization-Maintaining Fiber Focuser,,, https://www.sevensix.co.jp/products/%e5%81%8f%e6%b3%a2%e4%bf%9d%e6%8c%81%e3%83%95%e3%82%a1%e3%82%a4%e3%83%90%e3%83%bc%e3%83%95%e3%82%a9%e3%83%bc%e3%82%ab%e3%82%b5%e3%83%bc-%e6%b3%a2%e9%95%b7-1064nm-optizone/,,,,,,,,,,,,,
 Optical Fiber Components, Other optical fiber parts, VOA (Variable Optical Attenuator), Optizone Technology Limited, Bandpass Filter,,,https://www.sevensix.co.jp/products/%e3%83%90%e3%83%b3%e3%83%89%e3%83%91%e3%82%b9%e3%83%95%e3%82%a3%e3%83%ab%e3%82%bf-%e6%b3%a2%e9%95%b7-1064-1565nm-optizone/,,,,,,,,,,,,,
 Optical Fiber Components, Other optical fiber parts, VOA (Variable Optical Attenuator), Phoenix Photonics Ltd., Photonic lantern multiplexer/demultiplexer,,, https://www.sevensix.co.jp/products/%e3%83%95%e3%82%a9%e3%83%88%e3%83%8b%e3%83%83%e3%82%af%e3%83%a9%e3%83%b3%e3%82%bf%e3%83%b3-%e3%83%9e%e3%83%ab%e3%83%81%e3%83%97%e3%83%ac%e3%82%af%e3%82%b5-%e3%83%87%e3%83%9e%e3%83%ab%e3%83%81%e3%83%97/,,,,,,,,,,,,,
 Optical Fiber Components, Other optical fiber parts, VOA (Variable Optical Attenuator), KS Photonics Inc., Communication Band Mode Division Multiplexer/Demultiplexer,,, https://www.sevensix.co.jp/products/%e2%80%bbks-photonics%e2%80%bb%e3%80%80%e9%80%9a%e4%bf%a1%e5%b8%af-%e3%83%a2%e3%83%bc%e3%83%89%e5%88%86%e5%89%b2%e3%83%9e%e3%83%ab%e3%83%81%e3%83%97%e3%83%ac%e3%82%af%e3%82%b5-%e3%83%87%e3%83%9e//,,,,,,,,,,,,,
 Optical Fiber Components, Other optical fiber parts, VOA (Variable Optical Attenuator), Phoenix Photonics Ltd.,Multimode fiber LP11 mode stripper,,, https://www.sevensix.co.jp/products/%e3%83%95%e3%83%a5%e3%83%bc%e3%83%a2%e3%83%bc%e3%83%89%e3%83%95%e3%82%a1%e3%82%a4%e3%83%90lp11%e3%83%a2%e3%83%bc%e3%83%89%e3%82%b9%e3%83%88%e3%83%aa%e3%83%83%e3%83%91-%e2%9d%98-phoenix-photonics/,,,,,,,,,,,,,
 Optical Fiber Components, Other optical fiber parts, VOA (Variable Optical Attenuator), Phoenix Photonics Ltd., Adjustable mode converter,,, https://www.sevensix.co.jp/products/%e8%aa%bf%e6%95%b4%e6%a9%9f%e8%83%bd%e4%bb%98%e3%81%8d%e3%83%a2%e3%83%bc%e3%83%89%e5%a4%89%e6%8f%9b%e5%99%a8-%e2%9d%98-phoenix/,,,,,,,,,,,,,
 Optical Fiber Components, Other optical fiber parts, VOA (Variable Optical Attenuator), Phoenix Photonics Ltd., Fiber Mode Converter,,, https://www.sevensix.co.jp/products/%e3%83%95%e3%82%a1%e3%82%a4%e3%83%90%e3%83%a2%e3%83%bc%e3%83%89%e3%82%b3%e3%83%b3%e3%83%90%e3%83%bc%e3%82%bf-%e2%9d%98-phoenix-photonics/,,,,,,,,,,,,,
 Optical Fiber Components, Other optical fiber parts, VOA (Variable Optical Attenuator), Phoenix Photonics Ltd., Mechanical Mode Stripper,,,https://www.sevensix.co.jp/products/%e3%83%a1%e3%82%ab%e3%83%8b%e3%82%ab%e3%83%ab%e3%83%a2%e3%83%bc%e3%83%89%e3%82%b9%e3%83%88%e3%83%aa%e3%83%83%e3%83%91%e3%83%bc-%e2%9d%98-phoenix-photonics/,,,,,,,,,,,,,
 Optical Fiber Components, Other optical fiber parts, VOA (Variable Optical Attenuator), KS Photonics Inc., Long-period grating TLPG for multimode research,,, https://www.sevensix.co.jp/products/%e2%80%bbks-photonics%e2%80%bb%e3%80%80%e5%a4%9a%e3%83%a2%e3%83%bc%e3%83%89%e7%a0%94%e7%a9%b6%e7%94%a8-%e9%95%b7%e5%91%a8%e6%9c%9f%e3%82%b0%e3%83%ac%e3%83%bc%e3%83%86%e3%82%a3%e3%83%b3%e3%82%b0/,,,,,,,,,,,,,
 Optical Measuring Instruments, Optical Spectrum Analyzer,, Manufacturer: Coherent (formerly II-VI)," C+L-band high-resolution optical spectrum analyzer ""WaveAnalyzer 400A""",,, https://www.sevensix.co.jp/products/waveanalyzer-400a/,,,,,,,,,,,,, can be
 Optical Measuring Instruments, Optical Spectrum Analyzer,, Coherent (formerly II-VI)," Ultra-high wavelength accuracy optical spectrum analyzer ""WaveAnalyzer 1500B""",,, https://www.sevensix.co.jp/products/1500b_coherent/,,,,,,,,,,,,, can be
 Optical Measuring Instruments, Optical Spectrum Analyzer,, Coherent (formerly II-VI),High-Performance Optical Spectrum Analyzer: WaveAnalyzer,,, https://www.sevensix.co.jp/products/wa100s1500s_coherent/,,,,,,,,,,,,, can be
 Optical Measuring Instruments, Optical Spectrum Analyzer,, Coherent (formerly II-VI), Portable High-Resolution Optical Spectrum Analyzer: WaveAnalyzer 200B/200A,,, https://www.sevensix.co.jp/products/waveanalyzer_200a/,,,,,,,,,,,,,
 Optical Measuring Instruments, Optical Spectrum Analyzer,, EXFO," Optical Spectrum Analyzer for CWDM/DWDM Networks ""FTBx-5235""",,, https://www.sevensix.co.jp/products/ftbx5235_exfo/,,,,,,,,,,,,,
 Optical Measuring Instruments, Optical Spectrum Analyzer,," SYCATUS Co., Ltd."," Ultra-high precision optical frequency noise/linewidth analyzer ""A0040A""",,, https://www.sevensix.co.jp/products/a0040a_sycatus/,,,,,,,,,,,,,
 Optical Measuring Instruments, BERT, BERT, EXFO," Optical transceiver tester ""MA-4000""",,, https://www.sevensix.co.jp/products/ma4000_exfo/,,,,,,,,,,,,,
 Optical Measuring Instruments, BERT, BERT, EXFO," Bit Error Rate Tester (BERT) ""BA-4000""",,, https://www.sevensix.co.jp/products/ba4000_exfo/,,,,,,,,,,,,,
 Optical Measuring Instruments, BERT, CDR, EXFO," Clock Data Recovery (CDR) ""CD-4000""",,, https://www.sevensix.co.jp/products/cd4000_exfo/,,,,,,,,,,,,,
 Optical Measuring Instruments, BERT,Sampling Oscilloscope, EXFO," Ultra-high-speed sampling oscilloscope ""EA-4000",,, https://www.sevensix.co.jp/products/ea4000_exfo/,,,,,,,,,,,,,
 Optical Measuring Instruments, others,, EXFO, OPAL-SD: Single-die automated probe station for photonic integrated circuits (PICs),,, https://www.sevensix.co.jp/products/opal-sd_exfo/,,,,,,,,,,,,,
 Optical Measuring Instruments, others,, EXFO, OPAL-EC: Edge-Coupled Automated Probe Station for Photonic Integrated Circuits (PIC),,, https://www.sevensix.co.jp/products/opal-ec_exfo/,,,,,,,,,,,,,
 Optical Measuring Instruments, others,, EXFO, OPAL-MD: Automated Probe Station for Photonic Integrated Circuits (PICs)​,,, https://www.sevensix.co.jp/products/opal-md_exfo/,,,,,,,,,,,,,
 Optical Measuring Instruments, others,, EXFO, PIC (Photonic Integrated Circuit) Test Solution,,, https://www.sevensix.co.jp/products/exfo_pic-test-system/,,,,,,,,,,,,,
 Optical Measuring Instruments, others,, EXFO," 800GbE Network Tester ""FTBx-888xx"" Series",,, https://www.sevensix.co.jp/products/ftbx-8880x_exfo/,,,,,,,,,,,,,
 Optical Measuring Instruments, others,, EXFO,"Compact multi-port 400GbE network tester ""FTBx-8848x"" series",,, https://www.sevensix.co.jp/products/ftbx-8848x_exfo/,,,,,,,,,,,,,
 Optical Measuring Instruments, others, Optical fiber core identifier, EXFO, Optical fiber core identifier,,, https://www.sevensix.co.jp/products/ofcd_exfo/,,,,,,,,,,,,, can be
 Optical Measuring Instruments, others, CD/PMD analyzer, EXFO, CD/PMD analyzer,,, https://www.sevensix.co.jp/products/cd_pmd_exfo/,,,,,,,,,,,,,
 Optical Measuring Instruments, others, Optical Component Tester, EXFO," Optical Component Tester ""CTP10""",,, https://www.sevensix.co.jp/products/ctp10_exfo/,,,,,,,,,,,,,
 Optical Measuring Instruments, others, Optical Component Tester, EXFO," Ethernet tester ""FTBx-88460""",,, https://www.sevensix.co.jp/products/ftbx88460_exfo/,,,,,,,,,,,,,
 Optical Measuring Instruments, others, Optical Component Tester," SYCATUS Co., Ltd.", Optical delay time measurement system,,, https://www.sevensix.co.jp/products/a0060a_sycatus/,,,,,,,,,,,,,
 Optical Measuring Instruments, others, Optical Component Tester," SYCATUS Co., Ltd.", Broadband RIN measurement system,,, https://www.sevensix.co.jp/products/a0010a_sycatus/,,,,,,,,,,,,,
 Optical Measuring Instruments, others, Optical Component Tester, Fujikura Ltd., Handy OTDR series,,,https://www.sevensix.co.jp/products/ofl280-flx380_fujikura/,,,,,,,,,,,,,
 Optical Measuring Instruments, others, Optical Component Tester, EXFO," Optical fiber checker ""OX-1""",,, https://www.sevensix.co.jp/products/ox1_exfo/,,,,,,,,,,,,,
 Optical Measuring Instruments, others, Optical Component Tester, EXFO, MPO Cable Checker,,, https://www.sevensix.co.jp/products/connectormax_exfo/,,,,,,,,,,,,,
 Optical Measuring Instruments, others, Optical Component Tester," Seven Six Co., Ltd.", Optical Contact Temperature Monitor,,, https://www.sevensix.co.jp/products/temperaturemonitor_sevensix/,,,,,,,,,,,,,
 Optical Measuring Instruments, Pulse waveform measuring instrument,, Amonics Ltd., Femtosecond and picosecond pulse laser measurement equipment,,, https://www.sevensix.co.jp/products/fpplaser_mi_amonics/,,,,,,,,,,,,, can be
 Optical Measuring Instruments, Power meter,, EXFO," Multi-core optical fiber length/loss/polarity measuring instrument ""PXM/LXM""",,, https://www.sevensix.co.jp/products/pxmlxm_exfo/,,,,,,,,,,,,,
 Optical Measuring Instruments, Power meter,, EXFO," Optical Power Meter ""PX-1""",,, https://www.sevensix.co.jp/products/px1_exfo/,,,,,,,,,,,,,
 Optical Measuring Instruments, Power meter,, PPI Inc., 400G/100G Optical Power Meter,,, https://www.sevensix.co.jp/products/400_100_opm_ppi/,,,,,,,,,,,,,
 Optical Measuring Instruments, Power meter,, PPI Inc.,MPO Optical Power Meter & Light Source,,, https://www.sevensix.co.jp/products/mpo_opm_ls_ppi/,,,,,,,,,,,,,
 Optical fiber fusion/processing/cleaning supplies, Optical fiber fusion splicing related, fusion splicer, Fujikura Ltd., Single-core optical fiber fusion splicer,,, https://www.sevensix.co.jp/products/single_fsplicer_fujikura/,,,,,,,,,,,,,
 Optical fiber fusion/processing/cleaning supplies, Optical fiber fusion splicing related, fusion splicer, Fujikura Ltd., Multi-core optical fiber fusion splicer,,, https://www.sevensix.co.jp/products/multi_fsplicer_fujikura/,,,,,,,,,,,,,
 Optical fiber fusion/processing/cleaning supplies, Optical fiber fusion splicing related, Fiber Cutter, Fujikura Ltd., Optical Fiber Cleaver,,, https://www.sevensix.co.jp/products/fiberopticcleaver_fujikura/,,,,,,,,,,,,,
 Optical fiber fusion/processing/cleaning supplies, Optical fiber fusion splicing related, Reinforcement sleeve, Fujikura Ltd.," Single-core/multi-core protection sleeve ""FP/FPS series""",,, https://www.sevensix.co.jp/products/fibersleeve_fujikura/,,,,,,,,,,,,,
 Optical fiber fusion/processing/cleaning supplies, Optical fiber fusion splicing related, Fiber Recoater, Fujikura Ltd.," Optical fiber recoater Optical fiber recoater ""FSR series""",,,https://www.sevensix.co.jp/products/fsr_fujikura/,,,,,,,,,,,,,
 Optical fiber fusion/processing/cleaning supplies, Optical fiber fusion splicing related, ultrasonic cleaner, Fujikura Ltd., ultrasonic cleaner,,, https://www.sevensix.co.jp/products/usc03_fujikura/,,,,,,,,,,,,,
 Optical fiber fusion/processing/cleaning supplies, Optical fiber fusion splicing related, Fully automatic fiber pretreatment machine, Fujikura Ltd., Fully automatic fiber pretreatment machine,,, https://www.sevensix.co.jp/products/apm_fujikura/,,,,,,,,,,,,,
 Optical fiber fusion/processing/cleaning supplies, Optical connector end face observation instrument,, EXFO," Fully automated optical connector end face inspection instrument ""FIP-500""",,, https://www.sevensix.co.jp/products/fip500_exfo/,,,,,,,,,,,,,
 Optical fiber fusion/processing/cleaning supplies, Optical connector end face observation instrument,, Fujikura Ltd.," Optical connector end face inspection tool ""FOCIS Flex2""",,, https://www.sevensix.co.jp/products/focisflex_fujikura/,,,,,,,,,,,,,
 Optical fiber fusion/processing/cleaning supplies, Optical connector end face observation instrument,, NTT AT," Wireless optical connector end face inspection tool ""EasyGetWifi""",,, https://www.sevensix.co.jp/products/easy_get_wifi_nttat/,,,,,,,,,,,,, can be
 Optical fiber fusion/processing/cleaning supplies, Optical Connector Cleaner,, NTT AT, Handy type optical connector polishing machine,,, https://www.sevensix.co.jp/products/nttat_cleaner/,,,,,,,,,,,,,
 Optical fiber fusion/processing/cleaning supplies, Optical Connector Cleaner,, NTT AT, Optical Connector Cleaner,,, https://www.sevensix.co.jp/products/cleaner_nttat/,,,,,,,,,,,,,
 Optical fiber fusion/processing/cleaning supplies, Low refractive index resin for optical fiber,,MY Polymers Ltd., Low refractive index (1.308 ~ 1.550) optical fiber adhesive,,, https://www.sevensix.co.jp/products/ofa1_mypolymers/,,,,,,,,,,,,,
 Optical fiber fusion/processing/cleaning supplies, Low refractive index resin for optical fiber,, MY Polymers Ltd., Low refractive index (1.308 ~ 1.550) recoating resin,,, https://www.sevensix.co.jp/products/ofa2_mypolymers/,,,,,,,,,,,,,
 Optical fiber fusion/processing/cleaning supplies, Low refractive index resin for optical fiber,, MY Polymers Ltd., Low refractive index (1.330 ~ 1.430) optical fiber adhesive,,, https://www.sevensix.co.jp/products/ofa3_mypolymers/,,,,,,,,,,,,,
 Optical communication/coaxial/RF related, Optical Transceiver,, Coherent (formerly II-VI), 800G ZR/ZR+ QSFP-DD DCO Optical Transceiver,,, https://www.sevensix.co.jp/products/800g_transceiver_coherent/,,,,,,,,,,,,,
 Optical communication/coaxial/RF related, Optical Transceiver,, Coherent (formerly II-VI), Analog optical link module (AO wave),,, https://www.sevensix.co.jp/products/aolm_coherent/,,,,,,,,,,,,,
 Optical communication/coaxial/RF related, Optical Transceiver,, Coherent (formerly II-VI), 400GbE/100GbE QSFP Optical Transceiver,,, https://www.sevensix.co.jp/products/qsfp_ot_coherent/,,,,,,,,,,,,,
 Optical communication/coaxial/RF related, Optical Transceiver,, Coherent (formerly II-VI),Optical transceivers for data centers,,, https://www.sevensix.co.jp/products/ot_dc_coherent/,,,,,,,,,,,,,
 Optical communication/coaxial/RF related, Optical Transceiver,, Coherent (formerly II-VI), 400G CFP2-DCO Digital Coherent Optical Transceiver,,, https://www.sevensix.co.jp/products/otdc_coherent/,,,,,,,,,,,,,
 Optical communication/coaxial/RF related, Optical Transceiver,, Coherent (formerly II-VI), Optical transceivers for the 5G wireless market,,, https://www.sevensix.co.jp/products/opticaltransceiver_coherent/,,,,,,,,,,,,,
 Optical communication/coaxial/RF related, Optical Transceiver,, 3Coptics, 10G Copper SFP+ (10Gbase-T) Optical Transceiver,,, https://www.sevensix.co.jp/products/sfp_transceiver_3coptics/,,,,,,,,,,,,,
 Optical communication/coaxial/RF related, Optical Transceiver,, 3Coptics, 40G QSFP+ PSM4 LR Optical Transceiver,,, https://www.sevensix.co.jp/products/qsfp_transceiver_3coptics/,,,,,,,,,,,,,
 Optical communication/coaxial/RF related, Optical Transceiver,, 3Coptics, Single-fiber bidirectional optical transceiver,,, https://www.sevensix.co.jp/products/bidi_transceiver_3coptics/,,,,,,,,,,,,,
 Optical communication/coaxial/RF related, RF Components and Modules,," Waka Manufacturing Co., Ltd.", Analog Optical Transmission System,,,https://www.sevensix.co.jp/products/5127/,,,,,,,,,,,,,
 Optical communication/coaxial/RF related, Coaxial cable,," Waka Manufacturing Co., Ltd.", Handy Forming Cable,,, https://www.sevensix.co.jp/products/handicable_waka/,,,,,,,,,,,,,
 Optical communication/coaxial/RF related, Coaxial cable,," Waka Manufacturing Co., Ltd.", Soft Rigid Cable,,, https://www.sevensix.co.jp/products/softrigidcable_waka/,,,,,,,,,,,,,
 Optical communication/coaxial/RF related, Optical power interruption generator,," Trimatis Co., Ltd.", Optical power interruption generator,,, https://www.sevensix.co.jp/products/tmz_trimatiz/,,,,,,,,,,,,,
 Other accessories, Optical Fiber System Construction Kit,, 8Photonics GmbH, Optical Fiber System Construction Kit,,, https://www.sevensix.co.jp/products/fiber-spider/,,,,,,,,,,,,,
 Other accessories, OCT system,," Lumedica, Inc.", SD-OCT system for fundus examination research,,, https://www.sevensix.co.jp/products/sdoct_lumedica/,,,,,,,,,,,,,
 Other accessories, Laser head,, LaserMech, High-power laser head,,, https://www.sevensix.co.jp/products/highpowerhead_lasermech/,,,,,,,,,,,,,
 sevensix Lab developed products, 3D shape inspection device series,,"Seven Six Co., Ltd."," Golf head inspection device ""Spector""",,, https://www.sevensix.co.jp/products/spector/,,,,,,,,,,,,,
 sevensix Lab developed products,Optical frequency comb generator Frush,," Seven Six Co., Ltd.",Optical frequency comb generator Frush,,, https://www.sevensix.co.jp/products/frush/,,,,,,,,,,,,,
 sevensix Lab developed products, Optical Contact Temperature Monitor,," Seven Six Co., Ltd.", Optical Contact Temperature Monitor,,, https://www.sevensix.co.jp/products/temperaturemonitor_sevensix/,,,,,,,,,,,,,
 sevensix Lab developed products, Wavelength-tunable ultrashort pulse fiber laser Lulu,," Seven Six Co., Ltd."," Wavelength-tunable ultrashort pulse fiber laser ""Lulu""",,, https://www.sevensix.co.jp/products/lulu_sevensix/,,,,,,,,,,,,,
 sevensix Lab developed products, Ultrashort pulse fiber laser iQoM,," Seven Six Co., Ltd."," Ultrashort pulse fiber laser ""iQoM""",,, https://www.sevensix.co.jp/products/iqom/,,,,,,,,,,,,, can be