大カテゴリ,中カテゴリ,小カテゴリ,メーカ,品名,モデル,型番,URL,最小波長,最大波長,平均出力,最大出力,時間幅,パルス幅,繰り返し周波数,繰り返し率,加工,通信,分光・計測,イメージング,デモ機貸出し
ファイバーレーザー・その他光源,広帯域白色レーザー光源,,NKT Photonics A/S,広帯域 白色レーザー光源 最上位モデル『SuperK FIANIUM』,SuperK FIANIUM,FIU-6,https://www.sevensix.co.jp/products/superkseries_nktp/,400nm,2400nm,,2.2W,パルス,,78MHz,,,,,,
ファイバーレーザー・その他光源,広帯域白色レーザー光源,,NKT Photonics A/S,広帯域 白色レーザー光源 最上位モデル『SuperK FIANIUM』,SuperK FIANIUM,FIU-15,https://www.sevensix.co.jp/products/superkseries_nktp/,400nm,2400nm,,5.5W,パルス,,78MHz,,,,,,
ファイバーレーザー・その他光源,広帯域白色レーザー光源,,NKT Photonics A/S,広帯域 白色レーザー光源 最上位モデル『SuperK FIANIUM』,SuperK FIANIUM,FIR-20,https://www.sevensix.co.jp/products/superkseries_nktp/,400nm,2400nm,,6.5W,パルス,,78MHz,,,,,,
,,,NKT Photonics A/S,OCT用 広帯域 白色レーザー光源 最上位モデル『SuerK FIANIUM OCT』,SuperK FIANIUM OCT,FIU-6 OCT,https://www.sevensix.co.jp/products/superkseries_nktp/,400nm,2400nm,600mW,6.5W,パルス,,312 ± 3MHz,,,,,,
ファイバーレーザー・その他光源,広帯域白色レーザー光源,,NKT Photonics A/S,OCT用 広帯域 白色レーザー光源 最上位モデル『SuerK FIANIUM OCT』,SuperK FIANIUM OCT,FIR-9 OCT,https://www.sevensix.co.jp/products/superkfianium_nktp/,400nm,2400nm,900mW,6.5W,パルス,,312 ± 3MHz,,,,,,あり
ファイバーレーザー・その他光源,広帯域白色レーザー光源,,NKT Photonics A/S,産業用 広帯域 白色レーザー光源『SuperK EVO』,SuperK EVO,ERL-04,https://www.sevensix.co.jp/products/superk-evo/,510nm,2000nm,,1W,パルス,,20MHz,,,,,,
ファイバーレーザー・その他光源,広帯域白色レーザー光源,,NKT Photonics A/S,産業用 広帯域 白色レーザー光源『SuperK EVO』,SuperK EVO,EUL-10,https://www.sevensix.co.jp/products/superk-evo/,425nm,2400nm,,0.3W,パルス,,30MHz,,,,,,
ファイバーレーザー・その他光源,広帯域白色レーザー光源,,NKT Photonics A/S,産業用 広帯域 白色レーザー光源『SuperK EVO』,SuperK EVO HP,EU-4,https://www.sevensix.co.jp/products/superk-evo/,415nm,2250nm,,2W,パルス,,20MHz,,,,,,
ファイバーレーザー・その他光源,広帯域白色レーザー光源,,NKT Photonics A/S,広帯域 白色レーザー光源 入門モデル『SuperK COMPACT』,SuperK COMPACT,,https://www.sevensix.co.jp/products/superk-compact/,450nm,2400nm,20mW,110mW,パルス,,1-20kHz,,,,,,あり
ファイバーレーザー・その他光源,広帯域白色レーザー光源,,NKT Photonics A/S,白色レーザー光源用 高機能波長選択フィルタ,SuperK SPLIT,,https://www.sevensix.co.jp/products/scfilter_nktp/,400nm,2000nm,,,パルス,,,,,,,,あり
ファイバーレーザー・その他光源,広帯域白色レーザー光源,,NKT Photonics A/S,白色レーザー光源用 高機能波長選択フィルタ,SuperK SELECT,,https://www.sevensix.co.jp/products/scfilter_nktp/,400nm,2000nm,,,パルス,,,,,,,,あり
ファイバーレーザー・その他光源,広帯域白色レーザー光源,,NKT Photonics A/S,白色レーザー光源用 高機能波長選択フィルタ,LLTF,VIS,https://www.sevensix.co.jp/products/scfilter_nktp/,400nm,100nm,,,パルス,,,,,,,,あり
ファイバーレーザー・その他光源,広帯域白色レーザー光源,,NKT Photonics A/S,白色レーザー光源用 高機能波長選択フィルタ,LLTF,SWIR,https://www.sevensix.co.jp/products/scfilter_nktp/,1000nm,2300nm,,,パルス,,,,,,,,あり
ファイバーレーザー・その他光源,広帯域白色レーザー光源,,NKT Photonics A/S,白色レーザー光源用 高機能波長選択フィルタ,SuperK VARIA,,https://www.sevensix.co.jp/products/scfilter_nktp/,400nm,840nm,,,パルス,,,,,,,,あり
ファイバーレーザー・その他光源,広帯域白色レーザー光源,,NKT Photonics A/S,白色レーザー光源用 高機能波長選択フィルタ,SuperK CONNECT,FD1-PM,https://www.sevensix.co.jp/products/scfilter_nktp/,,,,,パルス,,,,,,,,
ファイバーレーザー・その他光源,広帯域白色レーザー光源,,NKT Photonics A/S,白色レーザー光源用 高機能波長選択フィルタ,SuperK CONNECT,FD2,https://www.sevensix.co.jp/products/scfilter_nktp/,,,,,パルス,,,,,,,,
ファイバーレーザー・その他光源,広帯域白色レーザー光源,,NKT Photonics A/S,白色レーザー光源用 高機能波長選択フィルタ,SuperK CONNECT,FD3,https://www.sevensix.co.jp/products/scfilter_nktp/,,,,,パルス,,,,,,,,
ファイバーレーザー・その他光源,広帯域白色レーザー光源,,NKT Photonics A/S,白色レーザー光源用 高機能波長選択フィルタ,SuperK CONNECT,FD3-PM,https://www.sevensix.co.jp/products/scfilter_nktp/,,,,,パルス,,,,,,,,
ファイバーレーザー・その他光源,広帯域白色レーザー光源,,NKT Photonics A/S,白色レーザー光源用 高機能波長選択フィルタ,SuperK CONNECT,FD4,https://www.sevensix.co.jp/products/scfilter_nktp/,,,,,パルス,,,,,,,,
ファイバーレーザー・その他光源,広帯域白色レーザー光源,,NKT Photonics A/S,白色レーザー光源用 高機能波長選択フィルタ,SuperK CONNECT,FD4-PM,https://www.sevensix.co.jp/products/scfilter_nktp/,,,,,パルス,,,,,,,,
ファイバーレーザー・その他光源,広帯域白色レーザー光源,,NKT Photonics A/S,白色レーザー光源用 高機能波長選択フィルタ,SuperK CONNECT,FD5,https://www.sevensix.co.jp/products/scfilter_nktp/,,,,,パルス,,,,,,,,
ファイバーレーザー・その他光源,広帯域白色レーザー光源,,NKT Photonics A/S,白色レーザー光源用 高機能波長選択フィルタ,SuperK CONNECT,FD4-PM,https://www.sevensix.co.jp/products/scfilter_nktp/,,,,,パルス,,,,,,,,
ファイバーレーザー・その他光源,広帯域白色レーザー光源,,NKT Photonics A/S,白色レーザー光源用 高機能波長選択フィルタ,SuperK CONNECT,FD6,https://www.sevensix.co.jp/products/scfilter_nktp/,,,,,パルス,,,,,,,,
ファイバーレーザー・その他光源,広帯域白色レーザー光源,,NKT Photonics A/S,白色レーザー光源用 高機能波長選択フィルタ,SuperK CONNECT,FD4-PM,https://www.sevensix.co.jp/products/scfilter_nktp/,,,,,パルス,,,,,,,,
ファイバーレーザー・その他光源,広帯域白色レーザー光源,,NKT Photonics A/S,白色レーザー光源用 高機能波長選択フィルタ,SuperK CONNECT,FD7,https://www.sevensix.co.jp/products/scfilter_nktp/,,,,,パルス,,,,,,,,
ファイバーレーザー・その他光源,広帯域白色レーザー光源,,NKT Photonics A/S,白色レーザー光源用 高機能波長選択フィルタ,SuperK CONNECT,FD4-PM,https://www.sevensix.co.jp/products/scfilter_nktp/,,,,,パルス,,,,,,,,
ファイバーレーザー・その他光源,広帯域白色レーザー光源,,NKT Photonics A/S,白色レーザー光源用 高機能波長選択フィルタ,SuperK CONNECT,FD8,https://www.sevensix.co.jp/products/scfilter_nktp/,,,,,パルス,,,,,,,,
ファイバーレーザー・その他光源,広帯域白色レーザー光源,,NKT Photonics A/S,白色レーザー光源用 高機能波長選択フィルタ,SuperK CONNECT,FD4-PM,https://www.sevensix.co.jp/products/scfilter_nktp/,,,,,パルス,,,,,,,,
ファイバーレーザー・その他光源,広帯域白色レーザー光源,,NKT Photonics A/S,白色レーザー光源用 高機能波長選択フィルタ,SuperK CONNECT,FD9,https://www.sevensix.co.jp/products/scfilter_nktp/,,,,,パルス,,,,,,,,
ファイバーレーザー・その他光源,広帯域白色レーザー光源,,NKT Photonics A/S,白色レーザー光源用 高機能波長選択フィルタ,SuperK CONNECT,FD4-PM,https://www.sevensix.co.jp/products/scfilter_nktp/,,,,,パルス,,,,,,,,
ファイバーレーザー・その他光源,広帯域白色レーザー光源,,NKT Photonics A/S,白色レーザー光源用 高機能波長選択フィルタ,SuperK CONNECT,FD10,https://www.sevensix.co.jp/products/scfilter_nktp/,,,,,パルス,,,,,,,,
ファイバーレーザー・その他光源,超短パルスレーザー(ナノ秒/ピコ秒/フェムト秒)光源,,NKT Photonics A/S,ピコ秒 超短パルスレーザー,PILAS DX,PIL037-FS,https://www.sevensix.co.jp/products/pilasdx_nktp/,365nm,385nm,> 0.5 mW,,パルス,< 70ps,40 MHz,,,,,,
ファイバーレーザー・その他光源,超短パルスレーザー(ナノ秒/ピコ秒/フェムト秒)光源,,NKT Photonics A/S,ピコ秒 超短パルスレーザー,PILAS DX,PIL037-FC,https://www.sevensix.co.jp/products/pilasdx_nktp/,365nm,385nm,> 0.2 mW,,パルス,< 70ps,40 MHz,,,,,,
ファイバーレーザー・その他光源,超短パルスレーザー(ナノ秒/ピコ秒/フェムト秒)光源,,NKT Photonics A/S,ピコ秒 超短パルスレーザー,PILAS DX,PIL040-FS,https://www.sevensix.co.jp/products/pilasdx_nktp/,390nm,420nm,> 0.8 mW,,パルス,< 45ps,40 MHz,,,,,,
ファイバーレーザー・その他光源,超短パルスレーザー(ナノ秒/ピコ秒/フェムト秒)光源,,NKT Photonics A/S,ピコ秒 超短パルスレーザー,PILAS DX,PIL040-FC,https://www.sevensix.co.jp/products/pilasdx_nktp/,390nm,420nm,> 0.25 mW,,パルス,< 45ps,40 MHz,,,,,,
ファイバーレーザー・その他光源,超短パルスレーザー(ナノ秒/ピコ秒/フェムト秒)光源,,NKT Photonics A/S,ピコ秒 超短パルスレーザー,PILAS DX,PIL044-FS,https://www.sevensix.co.jp/products/pilasdx_nktp/,420nm,460nm,> 0.7 mW,,パルス,< 70ps,40 MHz,,,,,,
ファイバーレーザー・その他光源,超短パルスレーザー(ナノ秒/ピコ秒/フェムト秒)光源,,NKT Photonics A/S,ピコ秒 超短パルスレーザー,PILAS DX,PIL044-FC,https://www.sevensix.co.jp/products/pilasdx_nktp/,420nm,460nm,> 0.3 mW,,パルス,< 70ps,40 MHz,,,,,,
ファイバーレーザー・その他光源,超短パルスレーザー(ナノ秒/ピコ秒/フェムト秒)光源,,NKT Photonics A/S,ピコ秒 超短パルスレーザー,PILAS DX,PIL048-FS,https://www.sevensix.co.jp/products/pilasdx_nktp/,460nm,500nm,> 0.8 mW,,パルス,< 80ps,40 MHz,,,,,,
ファイバーレーザー・その他光源,超短パルスレーザー(ナノ秒/ピコ秒/フェムト秒)光源,,NKT Photonics A/S,ピコ秒 超短パルスレーザー,PILAS DX,PIL048-FC,https://www.sevensix.co.jp/products/pilasdx_nktp/,460nm,500nm,> 0.3 mW,,パルス,< 80ps,40 MHz,,,,,,
ファイバーレーザー・その他光源,超短パルスレーザー(ナノ秒/ピコ秒/フェムト秒)光源,,NKT Photonics A/S,ピコ秒 超短パルスレーザー,PILAS DX,PIL051-FS,https://www.sevensix.co.jp/products/pilasdx_nktp/,495nm,525nm,> 0.6 mW,,パルス,< 110ps,40 MHz,,,,,,
ファイバーレーザー・その他光源,超短パルスレーザー(ナノ秒/ピコ秒/フェムト秒)光源,,NKT Photonics A/S,ピコ秒 超短パルスレーザー,PILAS DX,PIL051-FC,https://www.sevensix.co.jp/products/pilasdx_nktp/,495nm,525nm,> 0.2 mW,,パルス,< 110ps,40 MHz,,,,,,
ファイバーレーザー・その他光源,超短パルスレーザー(ナノ秒/ピコ秒/フェムト秒)光源,,NKT Photonics A/S,ピコ秒 超短パルスレーザー,PILAS DX,PIL063-FS,https://www.sevensix.co.jp/products/pilasdx_nktp/,620nm,650nm,> 0.5 mW,,パルス,< 50ps,40 MHz,,,,,,
ファイバーレーザー・その他光源,超短パルスレーザー(ナノ秒/ピコ秒/フェムト秒)光源,,NKT Photonics A/S,ピコ秒 超短パルスレーザー,PILAS DX,PIL063-FC,https://www.sevensix.co.jp/products/pilasdx_nktp/,620nm,650nm,> 0.2 mW,,パルス,< 50ps,40 MHz,,,,,,
ファイバーレーザー・その他光源,超短パルスレーザー(ナノ秒/ピコ秒/フェムト秒)光源,,NKT Photonics A/S,ピコ秒 超短パルスレーザー,PILAS DX,PIL067-FS,https://www.sevensix.co.jp/products/pilasdx_nktp/,640nm,670nm,> 0.5 mW,,パルス,< 45ps,40 MHz,,,,,,
ファイバーレーザー・その他光源,超短パルスレーザー(ナノ秒/ピコ秒/フェムト秒)光源,,NKT Photonics A/S,ピコ秒 超短パルスレーザー,PILAS DX,PIL067-FC,https://www.sevensix.co.jp/products/pilasdx_nktp/,640nm,670nm,> 0.3 mW,,パルス,< 45ps,40 MHz,,,,,,
ファイバーレーザー・その他光源,超短パルスレーザー(ナノ秒/ピコ秒/フェムト秒)光源,,NKT Photonics A/S,ピコ秒 超短パルスレーザー,PILAS DX,PIL069-FS,https://www.sevensix.co.jp/products/pilasdx_nktp/,675nm,705nm,> 0.6 mW,,パルス,< 50ps,40 MHz,,,,,,
ファイバーレーザー・その他光源,超短パルスレーザー(ナノ秒/ピコ秒/フェムト秒)光源,,NKT Photonics A/S,ピコ秒 超短パルスレーザー,PILAS DX,PIL069-FC,https://www.sevensix.co.jp/products/pilasdx_nktp/,675nm,705nm,> 0.2 mW,,パルス,< 50ps,40 MHz,,,,,,
ファイバーレーザー・その他光源,超短パルスレーザー(ナノ秒/ピコ秒/フェムト秒)光源,,NKT Photonics A/S,ピコ秒 超短パルスレーザー,PILAS DX,PIL085-FS,https://www.sevensix.co.jp/products/pilasdx_nktp/,835nm,865nm,> 0.5 mW,,パルス,< 50ps,40 MHz,,,,,,
ファイバーレーザー・その他光源,超短パルスレーザー(ナノ秒/ピコ秒/フェムト秒)光源,,NKT Photonics A/S,ピコ秒 超短パルスレーザー,PILAS DX,PIL085-FC,https://www.sevensix.co.jp/products/pilasdx_nktp/,835nm,865nm,> 0.2 mW,,パルス,< 50ps,40 MHz,,,,,,
ファイバーレーザー・その他光源,超短パルスレーザー(ナノ秒/ピコ秒/フェムト秒)光源,,NKT Photonics A/S,ピコ秒 超短パルスレーザー,PILAS DX,PIL094-FS,https://www.sevensix.co.jp/products/pilasdx_nktp/,920nm,960nm,> 0.35 mW,,パルス,< 50ps,40 MHz,,,,,,
ファイバーレーザー・その他光源,超短パルスレーザー(ナノ秒/ピコ秒/フェムト秒)光源,,NKT Photonics A/S,ピコ秒 超短パルスレーザー,PILAS DX,PIL094-FC,https://www.sevensix.co.jp/products/pilasdx_nktp/,920nm,960nm,> 0.15 mW,,パルス,< 50ps,40 MHz,,,,,,
ファイバーレーザー・その他光源,超短パルスレーザー(ナノ秒/ピコ秒/フェムト秒)光源,,NKT Photonics A/S,ピコ秒 超短パルスレーザー,PILAS DX,PIL106-FS,https://www.sevensix.co.jp/products/pilasdx_nktp/,1040nm,1080nm,> 0.35 mW,,パルス,< 50ps,40 MHz,,,,,,
ファイバーレーザー・その他光源,超短パルスレーザー(ナノ秒/ピコ秒/フェムト秒)光源,,NKT Photonics A/S,ピコ秒 超短パルスレーザー,PILAS DX,PIL106-FC,https://www.sevensix.co.jp/products/pilasdx_nktp/,1040nm,1080nm,> 0.15 mW,,パルス,< 50ps,40 MHz,,,,,,
ファイバーレーザー・その他光源,超短パルスレーザー(ナノ秒/ピコ秒/フェムト秒)光源,,NKT Photonics A/S,ピコ秒 超短パルスレーザー,PILAS DX,PIL155-FS,https://www.sevensix.co.jp/products/pilasdx_nktp/,1530nm,1570nm,> 0.04 mW,,パルス,< 50ps,40 MHz,,,,,,
ファイバーレーザー・その他光源,超短パルスレーザー(ナノ秒/ピコ秒/フェムト秒)光源,,NKT Photonics A/S,ピコ秒 超短パルスレーザー,PILAS DX,PIL155-FC,https://www.sevensix.co.jp/products/pilasdx_nktp/,1530nm,1570nm,> 0.02 mW,,パルス,< 50ps,40 MHz,,,,,,
ファイバーレーザー・その他光源,超短パルスレーザー(ナノ秒/ピコ秒/フェムト秒)光源,,NKT Photonics A/S,ピコ秒 超短パルスレーザー,aeroPULSE PS,,https://www.sevensix.co.jp/products/aeropulseps_nktp/,1030nm,1030nm,40W,,パルス,5ps,10 - 400MHz,,,,,,
ファイバーレーザー・その他光源,超短パルスレーザー(ナノ秒/ピコ秒/フェムト秒)光源,,NKT Photonics A/S,フェムト秒 超短パルスレーザー,ORIGAMI 03XP,,https://www.sevensix.co.jp/products/origamixp_nktp/,343nm,343nm,> 1.2W,,パルス,< 300fs,"Single-shot to 1 MHz, Pulse-on-Demand",,,,,,
ファイバーレーザー・その他光源,超短パルスレーザー(ナノ秒/ピコ秒/フェムト秒)光源,,NKT Photonics A/S,フェムト秒 超短パルスレーザー,ORIGAMI 03XP-S,,https://www.sevensix.co.jp/products/origamixp_nktp//,343nm,343nm,> 1.2W,,パルス,< 300fs,"Single-shot to 1 MHz, Pulse-on-Demand",,,,,,
ファイバーレーザー・その他光源,超短パルスレーザー(ナノ秒/ピコ秒/フェムト秒)光源,,NKT Photonics A/S,フェムト秒 超短パルスレーザー,ORIGAMI 05XP,,https://www.sevensix.co.jp/products/origamixp_nktp//,515nm,515nm,> 2.5W,,パルス,< 370fs,,,,,,,
ファイバーレーザー・その他光源,超短パルスレーザー(ナノ秒/ピコ秒/フェムト秒)光源,,NKT Photonics A/S,フェムト秒 超短パルスレーザー,ORIGAMI 05XP-S,,https://www.sevensix.co.jp/products/origamixp_nktp//,515nm,515nm,> 2.5W,,パルス,< 370fs,,,,,,,
ファイバーレーザー・その他光源,超短パルスレーザー(ナノ秒/ピコ秒/フェムト秒)光源,,NKT Photonics A/S,フェムト秒 超短パルスレーザー,aeroPULSE FS50-05,,https://www.sevensix.co.jp/products/aeropulsefs50_nktp/,515nm,515nm,25W,,パルス,< 0.5–3ps,,,,,,,
ファイバーレーザー・その他光源,超短パルスレーザー(ナノ秒/ピコ秒/フェムト秒)光源,,Optizone Technology Limited,ファイバレーザーモジュール,,,https://www.sevensix.co.jp/products/fiberlasermodule_optizone/,,,,,パルス,,,,,,,,
ファイバーレーザー・その他光源,超短パルスレーザー(ナノ秒/ピコ秒/フェムト秒)光源,,NKT Photonics A/S,50W出力 フェムト秒ファイバレーザー『aeroPULSE FS50』,,,https://www.sevensix.co.jp/products/aeropulsefs50_nktp/,,,50 W,,パルス,,,,,,,,
ファイバーレーザー・その他光源,超短パルスレーザー(ナノ秒/ピコ秒/フェムト秒)光源,,NKT Photonics A/S,最大70uJ フェムト秒レーザー『ORIGAMI XP(-S)』,,,https://www.sevensix.co.jp/products/origamixp_nktp/,,,,,パルス,,,,,,,,
ファイバーレーザー・その他光源,超短パルスレーザー(ナノ秒/ピコ秒/フェムト秒)光源,,NKT Photonics A/S,40W出力ピコ秒ファイバーレーザー『aeroPULSE PS』,,,https://www.sevensix.co.jp/products/aeropulseps_nktp/,,,40 W,,パルス,,,,,,,,
ファイバーレーザー・その他光源,超短パルスレーザー(ナノ秒/ピコ秒/フェムト秒)光源,,NKT Photonics A/S,ゲインスイッチ方式 ピコ秒レーザー『PILAS DX』,,,https://www.sevensix.co.jp/products/pilasdx_nktp/,,,,,パルス,,,,,,,,
ファイバーレーザー・その他光源,超短パルスレーザー(ナノ秒/ピコ秒/フェムト秒)光源,,セブンシックス株式会,波長可変超短パルスファイバレーザー『Lulu』,,,https://www.sevensix.co.jp/products/lulu_sevensix/,,,,,パルス,,,,,,,,
ファイバーレーザー・その他光源,超短パルスレーザー(ナノ秒/ピコ秒/フェムト秒)光源,,セブンシックス株式会社,超短パルスファイバレーザー『iQoM』,,,https://www.sevensix.co.jp/products/iqom/,,,,,パルス,,,,,,,,あり
ファイバーレーザー・その他光源,超短パルスレーザー(ナノ秒/ピコ秒/フェムト秒)光源,,Southern Photonics Ltd.,ピコ秒ファイバレーザー 全PMファイバ構成,,,https://www.sevensix.co.jp/products/fl_southernphotonics/,,,,,パルス,,,,,,,,
ファイバーレーザー・その他光源,超短パルスレーザー(ナノ秒/ピコ秒/フェムト秒)光源,,RAM Photonics LLC,チューナブルピコ秒光源,,,https://www.sevensix.co.jp/products/cavityless_ramphotonics/,,,,,パルス,,,,,,,,
ファイバーレーザー・その他光源,超短パルスレーザー(ナノ秒/ピコ秒/フェムト秒)光源,,ITF Technologies Inc.,LIDAR 光源,,,https://www.sevensix.co.jp/products/lidar_itf/,,,,,パルス,,,,,,,,
ファイバーレーザー・その他光源,波長可変レーザー光源,,EXFO,波長可変レーザー『T500S』,,,https://www.sevensix.co.jp/products/exfo_t500s/,,,,,CW,,,,,,,,
ファイバーレーザー・その他光源,波長可変レーザー光源,,EXFO,狭線幅 波長可変レーザ『T200S』,,,https://www.sevensix.co.jp/products/exfo_t200s/,,,,,CW,,,,,,,,
ファイバーレーザー・その他光源,波長可変レーザー光源,,NKT Photonics A/S,超広帯域波長可変レーザー光源『SuperK CHROMATUNE』,,,https://www.sevensix.co.jp/products/superk-chromatune/,,,,,CW,,,,,,,,
ファイバーレーザー・その他光源,波長可変レーザー光源,,光伸光学株式会社,波長可変レーザー 『KLS-201A』 標準モデル,,,https://www.sevensix.co.jp/products/kls201a_koshinkogaku/,,,,,CW,,,,,,,,
ファイバーレーザー・その他光源,波長可変レーザー光源,,光伸光学株式会社,高分解能型波長可変レーザー 『KLS-601A』シリーズ,,,https://www.sevensix.co.jp/products/kls601a_koshinkogaku/,,,,,CW,,,,,,,,
ファイバーレーザー・その他光源,狭線幅CWレーザー光源,,NKT Photonics A/S,超低ノイズ 狭線幅ファイバレーザー ラインナップ『Koheras』シリーズ,,,https://www.sevensix.co.jp/products/koherasseries_nktp/,,,,,CW,,,,,,,,
ファイバーレーザー・その他光源,狭線幅CWレーザー光源,,NKT Photonics A/S,小型モジュール型 超低ノイズ 狭線幅ファイバレーザー『Koheras BASIK 』,,,https://www.sevensix.co.jp/products/koherasbasik_nktp/,,,,,CW,,,,,,,,あり
ファイバーレーザー・その他光源,狭線幅CWレーザー光源,,NKT Photonics A/S,OEM型 超低ノイズ 狭線幅 ファイバーレーザー『Koheras BASIK MIKRO』,,,https://www.sevensix.co.jp/products/koherasbasikmikro_nktp/,,,,,CW,,,,,,,,
ファイバーレーザー・その他光源,狭線幅CWレーザー光源,,ID Photonics GmbH,ベンチトップ型 狭線幅波長可変レーザー,,,https://www.sevensix.co.jp/products/cobritedx_idphotonics/,,,,,CW,,,,,,,,
ファイバーレーザー・その他光源,狭線幅CWレーザー光源,,NKT Photonics A/S,ベンチトップ型 超低ノイズ 狭線幅 高出力ファイバレーザー『Koheras BOOSTIK HP』,,,https://www.sevensix.co.jp/products/koherasboostik_nktp/,,,,,CW,,,,,,,,
ファイバーレーザー・その他光源,狭線幅CWレーザー光源,,NKT Photonics A/S,量子用途向け 波長変換型超低ノイズ・狭線幅・高出力ファイバレーザー『Koheras HARMONIK』,,,https://www.sevensix.co.jp/products/nkt_koheras-harmonik/,,,,,CW,,,,,,,,
ファイバーレーザー・その他光源,狭線幅CWレーザー光源,,光伸光学株式会社,狭線幅固定波長半導体レーザ,,,https://www.sevensix.co.jp/products/fls_koshinkogaku/,,,,,CW,,,,,,,,
ファイバーレーザー・その他光源,狭線幅CWレーザー光源,,SYCATUS株式会社,狭線幅レーザー光源 レーザー線幅測定システム,,,https://www.sevensix.co.jp/products/a0020a_sycatus/,,,,,,,,,,,,,
ファイバーレーザー・その他光源,狭線幅CWレーザー光源,,NKT Photonics A/S,ベンチトップ型 超低ノイズ狭線幅 ファイバレーザー『Koheras ADJUSTIK』,,,https://www.sevensix.co.jp/products/nkt_koheras-adjustik/,,,,,CW,,,,,,,,
ファイバーレーザー・その他光源,CWファイバーレーザー発振器,,ITF Technologies Inc.,高出力ファイバレーザエンジン,,,https://www.sevensix.co.jp/products/laserengine_itf/,,,,,CW,,,,,,,,
ファイバーレーザー・その他光源,光周波数コム光源,,セブンシックス株式会社,光周波数コム発生器 Frush,,,https://www.sevensix.co.jp/products/frush/,,,,,パルス,,,,,,,,
ファイバーレーザー・その他光源,UV光源/ LED光源/ SLD光源,,Agiltron Inc.,紫外線硬化樹脂用 固体UV光源,,,https://www.sevensix.co.jp/products/uvlaser_agiltron/,,,,,CW,,,,,,,,
ファイバーレーザー・その他光源,UV光源/ LED光源/ SLD光源,,株式会社京都セミコンダクター,紫外線LED,,,https://www.sevensix.co.jp/products/uvled_kyosemi/,,,,,,,,,,,,,
ファイバーレーザー・その他光源,UV光源/ LED光源/ SLD光源,,株式会社京都セミコンダクター,樹脂モールド可視光LED,,,https://www.sevensix.co.jp/products/resinled_kyosemi/,,,,,,,,,,,,,
ファイバーレーザー・その他光源,UV光源/ LED光源/ SLD光源,,株式会社京都セミコンダクター,二波長LED,,,https://www.sevensix.co.jp/products/dualwavelengthled_kyosemi/,,,,,,,,,,,,,
ファイバーレーザー・その他光源,UV光源/ LED光源/ SLD光源,,株式会社京都セミコンダクター,赤色LED,,,https://www.sevensix.co.jp/products/redled_kyosemi/,,,,,,,,,,,,,
ファイバーレーザー・その他光源,UV光源/ LED光源/ SLD光源,,株式会社京都セミコンダクター,平行光LED,,,https://www.sevensix.co.jp/products/parallelled_kyosemi/,,,,,,,,,,,,,
ファイバーレーザー・その他光源,UV光源/ LED光源/ SLD光源,,株式会社京都セミコンダクター,赤外線LED,,,https://www.sevensix.co.jp/products/infraredled_kyosemi/,,,,,,,,,,,,,
ファイバーレーザー・その他光源,UV光源/ LED光源/ SLD光源,,株式会社京都セミコンダクター,樹脂モールド赤外LED,,,https://www.sevensix.co.jp/products/resininfrared_kyosemi/,,,,,,,,,,,,,
ファイバーレーザー・その他光源,UV光源/ LED光源/ SLD光源,,Innolume GmbH,SLD光源,,,https://www.sevensix.co.jp/products/sld_innolume/,,,,,,,,,,,,,
ファイバーレーザー・その他光源,UV光源/ LED光源/ SLD光源,,Innolume GmbH,光コムレーザーチップ,,,https://www.sevensix.co.jp/products/comchip_innolume/,,,,,,,,,,,,,
半導体レーザーダイオード（LD）,半導体レーザーダイオードの主要ラインナップ,,BWT Beijing LTD.,半導体レーザーダイオードの主要ラインナップ,,,https://www.sevensix.co.jp/products/laserdiode/,,,,,,,,,,,,,
半導体レーザーダイオード（LD）,シードLD,,Innolume GmbH,フリースペース型 シングルモード半導体レーザー,,,https://www.sevensix.co.jp/products/freespace_smlaser_innolume/,,,,,,,,,,,,,
半導体レーザーダイオード（LD）,シードLD,,Innolume GmbH,半導体マルチモードレーザー / 量子ドットレーザー,,,https://www.sevensix.co.jp/products/pompld_mm_innolume/,,,,,,,,,,,,,
半導体レーザーダイオード（LD）,シードLD,,eagleyard Photonics GmbH,シングルモード半導体レーザー,,,https://www.sevensix.co.jp/products/smld_eagleyard/,,,,,,,,,,,,,
半導体レーザーダイオード（LD）,シードLD,,eagleyard Photonics GmbH,DFB / DBR レーザー,,,https://www.sevensix.co.jp/products/dfblaser_eagleyard/,,,,,,,,,,,,,
半導体レーザーダイオード（LD）,シードLD,,Eblana Photonics Ltd.,DML (DFBライク レーザー),,,https://www.sevensix.co.jp/products/dfblaser_eblana/,,,,,,,,,,,,,
半導体レーザーダイオード（LD）,シードLD,,Innolume GmbH,DFB 単一周波数レーザー,,,https://www.sevensix.co.jp/products/dfb_innolume/,,,,,,,,,,,,,
半導体レーザーダイオード（LD）,シードLD,,3SP Technologies,シード用ファブリペローレーザー (CW / Pulse) PMファイバ,,,https://www.sevensix.co.jp/products/fplaserpm_3sp/,,,,,CW,,,,,,,,
半導体レーザーダイオード（LD）,シードLD,,3SP Technologies,DFB レーザーチップオンサブマウント型,,,https://www.sevensix.co.jp/products/dfb_3sp/,,,,,,,,,,,,,
半導体レーザーダイオード（LD）,ファブリペローレーザー,,BWT Beijing LTD.,ファイバ付 高出力 半導体マルチモードレーザー 520nm,,,https://www.sevensix.co.jp/products/ld520nm_bwt/,520 nm,,,,,,,,,,,,
半導体レーザーダイオード（LD）,ファブリペローレーザー,,BWT Beijing LTD.,ファイバ付 高出力 半導体マルチモードレーザー 635nm,,,https://www.sevensix.co.jp/products/ld635nm_bwt/,635 nm,,,,,,,,,,,,
半導体レーザーダイオード（LD）,ファブリペローレーザー,,BWT Beijing LTD.,半導体マルチモードレーザー 785nm,,,https://www.sevensix.co.jp/products/ld785nm_bwt/,785 nm,,,,,,,,,,,,
半導体レーザーダイオード（LD）,ファブリペローレーザー,,BWT Beijing LTD.,ファイバ付 高出力 半導体マルチモードレーザー 793nm,,,https://www.sevensix.co.jp/products/ld793nm_bwt/,793 nm,,,,,,,,,,,,
半導体レーザーダイオード（LD）,ファブリペローレーザー,,BWT Beijing LTD.,ファイバ付 高出力 半導体マルチモードレーザー 808nm,,,https://www.sevensix.co.jp/products/ld808nm_bwt/,808 nm,,,,,,,,,,,,
半導体レーザーダイオード（LD）,ファブリペローレーザー,,Innolume GmbH,半導体マルチモードレーザー / 量子ドットレーザー,,,https://www.sevensix.co.jp/products/pompld_mm_innolume/,,,,,,,,,,,,,
半導体レーザーダイオード（LD）,ファブリペローレーザー,,eagleyard Photonics GmbH,シングルモード半導体レーザー,,,https://www.sevensix.co.jp/products/smld_eagleyard/,,,,,,,,,,,,,
半導体レーザーダイオード（LD）,ファブリペローレーザー,,BWT Beijing LTD.,ファイバ付 高出力 半導体マルチモードレーザー 830nm,,,https://www.sevensix.co.jp/products/ld830nm_bwt/,830 nm,,,,,,,,,,,,
半導体レーザーダイオード（LD）,ファブリペローレーザー,,BWT Beijing LTD.,ファイバ付 高出力 半導体マルチモードレーザー 878.6nm,,,https://www.sevensix.co.jp/products/ld878nm_bwt/,,,,,,,,,,,,,
半導体レーザーダイオード（LD）,ファブリペローレーザー,,Innolume GmbH,シングルモード半導体レーザー,,,https://www.sevensix.co.jp/products/pompld_sm_innolume/,,,,,,,,,,,,,
半導体レーザーダイオード（LD）,ファブリペローレーザー,,BWT Beijing LTD.,ファイバ付 高出力 半導体マルチモードレーザー 915nm,,,https://www.sevensix.co.jp/products/915ld_bwt/,915 nm,,,,,,,,,,,,
半導体レーザーダイオード（LD）,ファブリペローレーザー,,BWT Beijing LTD.,ファイバ付 半導体マルチモードレーザー 940nm,,,https://www.sevensix.co.jp/products/940ld_bwt/,940 nm,,,,,,,,,,,,
半導体レーザーダイオード（LD）,ファブリペローレーザー,,3SP Technologies,コア励起用ファブリペローレーザー (CW) SMファイバ,,,https://www.sevensix.co.jp/products/smld_3sp/,,,,,CW,,,,,,,,
半導体レーザーダイオード（LD）,ファブリペローレーザー,,3SP Technologies,コア励起用ファブリペローレーザー (CW) PMファイバ,,,https://www.sevensix.co.jp/products/pmld_3sp/,,,,,CW,,,,,,,,
半導体レーザーダイオード（LD）,ファブリペローレーザー,,BWT Beijing LTD.,ファイバ付 高出力 半導体マルチモードレーザー 976nm,,,https://www.sevensix.co.jp/products/ld976nm_bwt/,976 nm,,,,,,,,,,,,
半導体レーザーダイオード（LD）,ファブリペローレーザー,,3SP Technologies,シード用ファブリペローレーザー (CW / Pulse) PMファイバ,,,https://www.sevensix.co.jp/products/fplaserpm_3sp/,,,,,CW,,,,,,,,
半導体レーザーダイオード（LD）,ファブリペローレーザー,,BWT Beijing LTD.,ファイバ付 医療向け 半導体マルチモードレーザー,,,https://www.sevensix.co.jp/products/1064ld_bwt/,,,,,,,,,,,,,
半導体レーザーダイオード（LD）,ファブリペローレーザー,,3SP Technologies,ラマン励起用 シングルモード半導体レーザー,,,https://www.sevensix.co.jp/products/ramanld_3sp/,,,,,,,,,,,,,
半導体レーザーダイオード（LD）,ファブリペローレーザー,,eagleyard Photonics GmbH,広帯域ゲインチップ,,,https://www.sevensix.co.jp/products/gainchip_eyp/,,,,,,,,,,,,,
半導体レーザーダイオード（LD）,ファブリペローレーザー,,Innolume GmbH,ゲインチップ,,,https://www.sevensix.co.jp/products/gainchip_innolume/,,,,,,,,,,,,,
半導体レーザーダイオード（LD）,ファブリペローレーザー,,Innolume GmbH,広帯域ゲインモジュール,,,https://www.sevensix.co.jp/products/gainmodule_innolume/,,,,,,,,,,,,,
半導体レーザーダイオード（LD）,ファブリペローレーザー,,Toptica Eagleyard,マルチモードレーザーダイオード,,,https://www.sevensix.co.jp/products/mmld653nm_eagleyard/,,,,,,,,,,,,,
半導体レーザーダイオード（LD）,ファブリペローレーザー,,3SP Technologies,ラマン励起用 シングルモード半導体レーザー,,,https://www.sevensix.co.jp/products/ramanld_3sp-2/,,,,,,,,,,,,,
半導体レーザーダイオード（LD）,VCSEL(面発光レーザー),,株式会社京都セミコンダクター,VCSEL（垂直共振器型面発光レーザー） 850nm,,,https://www.sevensix.co.jp/products/vcsel_kyosemi/,850 nm,,,,,,,,,,,,
半導体レーザーダイオード（LD）,VCSEL(面発光レーザー),,Coherent (旧 II-VI),顔認証システム/3Dセンサ（VCSEL）,,,https://www.sevensix.co.jp/products/vcsel_coherent/,,,,,,,,,,,,,
半導体レーザーダイオード（LD）,LDコントローラ/ ドライバ,,株式会社トリマティス,超短パルス1ns LDドライバ,,,https://www.sevensix.co.jp/products/1nsldd_trimatiz/,,,,,1 ns,,,,,,,,
半導体レーザーダイオード（LD）,LDコントローラ/ ドライバ,,株式会社セルシステム,小型オールインワン LDコントローラ,,,https://www.sevensix.co.jp/products/ldc_cell/,,,,,,,,,,,,,
半導体レーザーダイオード（LD）,LDコントローラ/ ドライバ,,株式会社トリマティス,短パルス駆動 LDドライバ,,,https://www.sevensix.co.jp/products/pulseldd_trimatiz/,,,,,,,,,,,,,
半導体レーザーダイオード（LD）,LDコントローラ/ ドライバ,,株式会社セルシステム,LD/TEC/EA/PD コントローラ,,,https://www.sevensix.co.jp/products/ldc_cell-2/,,,,,,,,,,,,,
半導体レーザーダイオード（LD）,ポンプLD,SMファイバ,Innolume GmbH,シングルモード半導体レーザー,,,https://www.sevensix.co.jp/products/pompld_sm_innolume/,,,,,,,,,,,,,
半導体レーザーダイオード（LD）,ポンプLD,SMファイバ,3SP Technologies,コア励起用ファブリペローレーザー (CW) SMファイバ,,,https://www.sevensix.co.jp/products/smld_3sp/,,,,,CW,,,,,,,,
半導体レーザーダイオード（LD）,ポンプLD,PMファイバ,3SP Technologies,コア励起用ファブリペローレーザー (CW) PMファイバ,,,https://www.sevensix.co.jp/products/pmld_3sp/,,,,,CW,,,,,,,,
半導体レーザーダイオード（LD）,ポンプLD,PMファイバ,3SP Technologies,ラマン励起用 シングルモード半導体レーザー,,,https://www.sevensix.co.jp/products/ramanld_3sp/,,,,,,,,,,,,,
半導体レーザーダイオード（LD）,ポンプLD,MMファイバ,BWT Beijing LTD.,ファイバ付 高出力 半導体マルチモードレーザー 520nm,,,https://www.sevensix.co.jp/products/ld520nm_bwt/,520 nm,,,,,,,,,,,,
半導体レーザーダイオード（LD）,ポンプLD,MMファイバ,BWT Beijing LTD.,ファイバ付 高出力 半導体マルチモードレーザー 635nm,,,https://www.sevensix.co.jp/products/ld635nm_bwt/,635 nm,,,,,,,,,,,,
半導体レーザーダイオード（LD）,ポンプLD,MMファイバ,eagleyard Photonics GmbH,ファイバ付 高出力 半導体マルチモードレーザー 653nm,,,https://www.sevensix.co.jp/products/653ld_eyp/,653 nm,,,,,,,,,,,,
半導体レーザーダイオード（LD）,ポンプLD,MMファイバ,BWT Beijing LTD.,半導体マルチモードレーザー 785nm,,,https://www.sevensix.co.jp/products/ld785nm_bwt/,785 nm,,,,,,,,,,,,
半導体レーザーダイオード（LD）,ポンプLD,MMファイバ,BWT Beijing LTD.,ファイバ付 高出力 半導体マルチモードレーザー 793nm,,,https://www.sevensix.co.jp/products/ld793nm_bwt/,793 nm,,,,,,,,,,,,
半導体レーザーダイオード（LD）,ポンプLD,MMファイバ,BWT Beijing LTD.,ファイバ付 高出力 半導体マルチモードレーザー 808nm,,,https://www.sevensix.co.jp/products/ld808nm_bwt/,808 nm,,,,,,,,,,,,
半導体レーザーダイオード（LD）,ポンプLD,MMファイバ,Innolume GmbH,半導体マルチモードレーザー / 量子ドットレーザー,,,https://www.sevensix.co.jp/products/pompld_mm_innolume/,,,,,,,,,,,,,
半導体レーザーダイオード（LD）,ポンプLD,MMファイバ,BWT Beijing LTD.,ファイバ付 高出力 半導体マルチモードレーザー 830nm,,,https://www.sevensix.co.jp/products/ld830nm_bwt/,830 nm,,,,,,,,,,,,
半導体レーザーダイオード（LD）,ポンプLD,MMファイバ,BWT Beijing LTD.,ファイバ付 高出力 半導体マルチモードレーザー 878.6nm,,,https://www.sevensix.co.jp/products/ld878nm_bwt/,,,,,,,,,,,,,
半導体レーザーダイオード（LD）,ポンプLD,MMファイバ,BWT Beijing LTD.,ファイバ付 高出力 半導体マルチモードレーザー 915nm,,,https://www.sevensix.co.jp/products/915ld_bwt/,915 nm,,,,,,,,,,,,
半導体レーザーダイオード（LD）,ポンプLD,MMファイバ,BWT Beijing LTD.,ファイバ付 半導体マルチモードレーザー 940nm,,,https://www.sevensix.co.jp/products/940ld_bwt/,940 nm,,,,,,,,,,,,
半導体レーザーダイオード（LD）,ポンプLD,MMファイバ,BWT Beijing LTD.,ファイバ付 高出力 半導体マルチモードレーザー 976nm,,,https://www.sevensix.co.jp/products/ld976nm_bwt/,976 nm,,,,,,,,,,,,
半導体レーザーダイオード（LD）,ポンプLD,MMファイバ,BWT Beijing LTD.,ファイバ付 医療向け 半導体マルチモードレーザー,,,https://www.sevensix.co.jp/products/1064ld_bwt/,,,,,,,,,,,,,
半導体レーザーダイオード（LD）,DFBレーザー,,eagleyard Photonics GmbH,DFB / DBR レーザー,,,https://www.sevensix.co.jp/products/dfblaser_eagleyard/,,,,,,,,,,,,,
半導体レーザーダイオード（LD）,DFBレーザー,,Eblana Photonics Ltd.,DML (DFBライク レーザー),,,https://www.sevensix.co.jp/products/dfblaser_eblana/,,,,,,,,,,,,,
半導体レーザーダイオード（LD）,DFBレーザー,,Innolume GmbH,DFB 単一周波数レーザー,,,https://www.sevensix.co.jp/products/dfb_innolume/,,,,,,,,,,,,,
半導体レーザーダイオード（LD）,DFBレーザー,,3SP Technologies,DFB レーザーチップオンサブマウント型,,,https://www.sevensix.co.jp/products/dfb_3sp/,,,,,,,,,,,,,
半導体レーザーダイオード（LD）,DFBレーザー,,TeraXion,超狭線幅DFBレーザーモジュール,,,https://www.sevensix.co.jp/products/dfbld_teraxion/,,,,,,,,,,,,,
半導体レーザーダイオード（LD）,DFBレーザー,,Coherent (旧 II-VI),アナログ光トランスミッタ(EML),,,https://www.sevensix.co.jp/products/ao-topo_coherent/,,,,,,,,,,,,,
半導体レーザーダイオード（LD）,青色レーザー,,BWT Beijing LTD.,青色半導体レーザー / ブルーレーザー,,,https://www.sevensix.co.jp/products/blue-diode-laser/,,,,,,,,,,,,,
半導体レーザーダイオード（LD）,ゲインチップ/ゲインモジュール,,eagleyard Photonics GmbH,広帯域ゲインチップ,,,https://www.sevensix.co.jp/products/gainchip_eyp/,,,,,,,,,,,,,
半導体レーザーダイオード（LD）,ゲインチップ/ゲインモジュール,,Innolume GmbH,ゲインチップ,,,https://www.sevensix.co.jp/products/gainchip_innolume/,,,,,,,,,,,,,
半導体レーザーダイオード（LD）,ゲインチップ/ゲインモジュール,,Innolume GmbH,広帯域ゲインモジュール,,,https://www.sevensix.co.jp/products/gainmodule_innolume/,,,,,,,,,,,,,
光増幅器/ 光変調器/ PD/ 光フィルタ他,光増幅器,光ファイバアンプ,NKT Photonics A/S,狭線幅レーザー『Koheras』用 光増幅モジュール『Koheras Boostik』,,,https://www.sevensix.co.jp/products/koherasboostik_e15_nktp/,,,,,,,,,,,,,
光増幅器/ 光変調器/ PD/ 光フィルタ他,光増幅器,光ファイバアンプ,NKT Photonics A/S,超短パルスレーザー用光増幅モジュール『aeroGAIN-ROD』,,,https://www.sevensix.co.jp/products/aerogain-rod/,,,,,,,,,,,,,
光増幅器/ 光変調器/ PD/ 光フィルタ他,光増幅器,光ファイバアンプ,NKT Photonics A/S,超短パルスレーザー用光増幅モジュール『aeroGAIN-BASE』,,,https://www.sevensix.co.jp/products/aerogainbase_nktp/,,,,,,,,,,,,,
光増幅器/ 光変調器/ PD/ 光フィルタ他,光増幅器,光ファイバアンプ,RAM Photonics LLC,シングルパルス用光増幅器,,,https://www.sevensix.co.jp/products/opticalamplifier_ramp/,,,,,,,,,,,,,
光増幅器/ 光変調器/ PD/ 光フィルタ他,光増幅器,光ファイバアンプ,Phoenix Photonics Ltd.,フューモード用光増幅器,,,https://www.sevensix.co.jp/products/opticalamplifier_phoenix/,,,,,,,,,,,,,
光増幅器/ 光変調器/ PD/ 光フィルタ他,光増幅器,光ファイバアンプ,株式会社トリマティス,サージフリー光ファイバ増幅器,,,https://www.sevensix.co.jp/products/opticalamp_trimatiz/,,,,,,,,,,,,,
光増幅器/ 光変調器/ PD/ 光フィルタ他,光増幅器,SOA,Innolume GmbH,半導体光アンプ,,,https://www.sevensix.co.jp/products/soa_innolume/,,,,,,,,,,,,,
光増幅器/ 光変調器/ PD/ 光フィルタ他,光増幅器,SOA,Aeon Corporation,Oバンド帯 半導体光アンプ,,,https://www.sevensix.co.jp/products/optialamplifier_aeon/,,,,,,,,,,,,,
光増幅器/ 光変調器/ PD/ 光フィルタ他,光増幅器,SOA,Aeon Corporation,高速通信向けの半導体光アンプ,,,https://www.sevensix.co.jp/products/semiconductoroa_aeon/,,,,,,,,,,,,,
光増幅器/ 光変調器/ PD/ 光フィルタ他,光増幅器,SOA,Aeon Corporation,Swept Source向け半導体光アンプ,,,https://www.sevensix.co.jp/products/weptsouce_aeon/,,,,,,,,,,,,,
光増幅器/ 光変調器/ PD/ 光フィルタ他,光増幅器,SOA,Aeon Corporation,CLバンド帯 半導体光アンプ,,,https://www.sevensix.co.jp/products/clbandamplifier_aeon/,,,,,,,,,,,,,
光増幅器/ 光変調器/ PD/ 光フィルタ他,光増幅器,テーパーアンプ,Toptica Eagleyard,テーパーアンプ,,,https://www.sevensix.co.jp/products/taperamplifier_eagleyard/,,,,,,,,,,,,,
光増幅器/ 光変調器/ PD/ 光フィルタ他,光増幅器,テーパーアンプ,exail,【宇宙向け】低雑音光増幅器,,,https://www.sevensix.co.jp/products/ixs-lnoa-c-x-rad_exail/,,,,,,,,,,,,,
光増幅器/ 光変調器/ PD/ 光フィルタ他,フォトダイオード(PD),,Coherent (旧 II-VI),アナログ光リンクモジュール (AO wave),,,https://www.sevensix.co.jp/products/aolm_coherent/,,,,,,,,,,,,,
光増幅器/ 光変調器/ PD/ 光フィルタ他,フォトダイオード(PD),,ID Photonics GmbH,コヒーレントレシーバ『CORX』,,,https://www.sevensix.co.jp/products/id-photonics_corx/,,,,,,,,,,,,,
光増幅器/ 光変調器/ PD/ 光フィルタ他,フォトダイオード(PD),,株式会社ワカ製作所,アナログ光伝送システム,,,https://www.sevensix.co.jp/products/5127/,,,,,,,,,,,,,
光増幅器/ 光変調器/ PD/ 光フィルタ他,フォトダイオード(PD),,Coherent (旧 II-VI),超広帯域フォトディテクタ,,,https://www.sevensix.co.jp/products/pd_coherent/,,,,,,,,,,,,,
光増幅器/ 光変調器/ PD/ 光フィルタ他,フォトダイオード(PD),,Dicon Fiberoptics Inc.,多チャンネルTAP-PD,,,https://www.sevensix.co.jp/products/multi_tappd_dicon/,,,,,,,,,,,,,
光増幅器/ 光変調器/ PD/ 光フィルタ他,フォトダイオード(PD),,Dicon Fiberoptics Inc.,EDFA用 TAP-PD,,,https://www.sevensix.co.jp/products/tappd_dicon/,,,,,,,,,,,,,
光増幅器/ 光変調器/ PD/ 光フィルタ他,フォトダイオード(PD),,株式会社京都セミコンダクター,シリコンUVセンサー,,,https://www.sevensix.co.jp/products/siliconuv_kyosemi/,,,,,,,,,,,,,
光増幅器/ 光変調器/ PD/ 光フィルタ他,フォトダイオード(PD),,Agiltron Inc.,透過型インラインパワーモニター,,,https://www.sevensix.co.jp/products/inline_monitor_agiltron/,,,,,,,,,,,,,
光増幅器/ 光変調器/ PD/ 光フィルタ他,フォトダイオード(PD),,株式会社京都セミコンダクター,シリコン高速応答フォトダイオード,,,https://www.sevensix.co.jp/products/silicon_fastpd_kyosemi/,,,,,,,,,,,,,
光増幅器/ 光変調器/ PD/ 光フィルタ他,フォトダイオード(PD),,株式会社京都セミコンダクター,シリコンフォトトランジスタ,,,https://www.sevensix.co.jp/products/siliconpt_kyosemi/,,,,,,,,,,,,,
光増幅器/ 光変調器/ PD/ 光フィルタ他,フォトダイオード(PD),,株式会社京都セミコンダクター,アバランシェフォトダイオード InGaAs / シリコン,,,https://www.sevensix.co.jp/products/silicon_avapd_kyosemi/,,,,,,,,,,,,,
光増幅器/ 光変調器/ PD/ 光フィルタ他,フォトダイオード(PD),,株式会社京都セミコンダクター,シリコンフォトダイオード,,,https://www.sevensix.co.jp/products/siliconpd_kyosemi/,,,,,,,,,,,,,
光増幅器/ 光変調器/ PD/ 光フィルタ他,フォトダイオード(PD),,株式会社京都セミコンダクター,シリコンフォトダイオードアレイ,,,https://www.sevensix.co.jp/products/siliconpdarray_kyosemi/,,,,,,,,,,,,,
光増幅器/ 光変調器/ PD/ 光フィルタ他,フォトダイオード(PD),,株式会社京都セミコンダクター,GaAsフォトダイオード,,,https://www.sevensix.co.jp/products/gaaspd_kyosemi/,,,,,,,,,,,,,
光増幅器/ 光変調器/ PD/ 光フィルタ他,フォトダイオード(PD),,株式会社京都セミコンダクター,GaAs PD-TIAレシーバー,,,https://www.sevensix.co.jp/products/pdtia_kyosemi/,,,,,,,,,,,,,
光増幅器/ 光変調器/ PD/ 光フィルタ他,フォトダイオード(PD),,株式会社京都セミコンダクター,InGaAs APD-TIAレシーバー,,,https://www.sevensix.co.jp/products/apdtia_kyosemi/,,,,,,,,,,,,,
光増幅器/ 光変調器/ PD/ 光フィルタ他,フォトダイオード(PD),,株式会社京都セミコンダクター,InGaAs PD-TIAレシーバー,,,https://www.sevensix.co.jp/products/ingaas-pd-tia%e3%83%ac%e3%82%b7%e3%83%bc%e3%83%90%e3%83%bc-%e4%ba%ac%e9%83%bd%e3%82%bb%e3%83%9f%e3%82%b3%e3%83%b3%e3%83%80%e3%82%af%e3%82%bf%e3%83%bc/,,,,,,,,,,,,,
光増幅器/ 光変調器/ PD/ 光フィルタ他,フォトダイオード(PD),,株式会社京都セミコンダクター,電子冷却付InGaAs・InAsフォトダイオード,,,https://www.sevensix.co.jp/products/inaspd_kyosemi/,,,,,,,,,,,,,
光増幅器/ 光変調器/ PD/ 光フィルタ他,フォトダイオード(PD),,：株式会社京都セミコンダクター,長波長InGaAsフォトダイオード,,,https://www.sevensix.co.jp/products/ingaaspd_kyosemi/,,,,,,,,,,,,,
光増幅器/ 光変調器/ PD/ 光フィルタ他,フォトダイオード(PD),,3SP Technologies,2.5Gbps ピンフォトダイオード チップ / チップオンサブマウント型,,,https://www.sevensix.co.jp/products/pd_chip_3sp/,,,,,,,,,,,,,
光増幅器/ 光変調器/ PD/ 光フィルタ他,フォトダイオード(PD),,Agiltron Inc.,光電界センサー,,,https://www.sevensix.co.jp/products/sensor_agiltron/,,,,,,,,,,,,,
光増幅器/ 光変調器/ PD/ 光フィルタ他,光スイッチ,,HUBER+SUHNER Polatis,量子用超低損失 マトリックス光スイッチ,,,https://www.sevensix.co.jp/products/quantum_switch_polatis/,,,,,,,,,,,,,
光増幅器/ 光変調器/ PD/ 光フィルタ他,光スイッチ,,HUBER+SUHNER Polatis,ピエゾアクチュエータ式マトリックス光スイッチ,,,https://www.sevensix.co.jp/products/opticalswitch_polatis/,,,,,,,,,,,,,
光増幅器/ 光変調器/ PD/ 光フィルタ他,光スイッチ,,Coherent (旧 II-VI),Flexgrid 波長選択型 光スイッチ (WSS),,,https://www.sevensix.co.jp/products/flexgridwss_coherent/,,,,,,,,,,,,,
光増幅器/ 光変調器/ PD/ 光フィルタ他,光スイッチ,,NTT AT,光スイッチ ROMEシリーズ,,,https://www.sevensix.co.jp/products/switch_rome_nttat/,,,,,,,,,,,,,
光増幅器/ 光変調器/ PD/ 光フィルタ他,光スイッチ,,Dicon Fiberoptics Inc.,MEMS型 可視光用 光スイッチ,,,https://www.sevensix.co.jp/products/mems_switch_dicon/,,,,,,,,,,,,,
光増幅器/ 光変調器/ PD/ 光フィルタ他,光スイッチ,,Agiltron Inc.,ハイパワー用 光スイッチ,,,https://www.sevensix.co.jp/products/hpswitch_agiltron/,,,,,,,,,,,,,
光増幅器/ 光変調器/ PD/ 光フィルタ他,光スイッチ,,Dicon Fiberoptics Inc.,プリズム型 光スイッチ,,,https://www.sevensix.co.jp/products/prismswitch_dicon/,,,,,,,,,,,,,
光増幅器/ 光変調器/ PD/ 光フィルタ他,光スイッチ,,Agiltron Inc.,ナノ秒応答 MEMS型 光スイッチ,,,https://www.sevensix.co.jp/products/nr_mems_switch_agiltron/,,,,,,,,,,,,,
光増幅器/ 光変調器/ PD/ 光フィルタ他,光スイッチ,,Dicon Fiberoptics Inc.,ステッピングモーター型 光スイッチ,,,https://www.sevensix.co.jp/products/smswitch_dicon/,,,,,,,,,,,,,
光増幅器/ 光変調器/ PD/ 光フィルタ他,光スイッチ,,Dicon Fiberoptics Inc.,プログラマブル 光スイッチモジュール,,,https://www.sevensix.co.jp/products/pswitch850_dicon/,,,,,,,,,,,,,
光増幅器/ 光変調器/ PD/ 光フィルタ他,光スイッチ,,Dicon Fiberoptics Inc.,MEMS型ブロッキング光スイッチ | DiCon,,,https://www.sevensix.co.jp/products/mems_bswitch_dicon/,,,,,,,,,,,,,
光増幅器/ 光変調器/ PD/ 光フィルタ他,光スイッチ,,Agiltron Inc.,MEMS型 ノンラッチ光スイッチ,,,https://www.sevensix.co.jp/products/mems_nonlactchswitch_agiltron/,,,,,,,,,,,,,
光増幅器/ 光変調器/ PD/ 光フィルタ他,光スイッチ,,Dicon Fiberoptics Inc.,MEMS型 光スイッチ,,,https://www.sevensix.co.jp/products/mems_switch1290_dicon/,,,,,,,,,,,,,
光増幅器/ 光変調器/ PD/ 光フィルタ他,光スイッチ,,Dicon Fiberoptics Inc.,MEMS型 光スイッチモジュール,,,https://www.sevensix.co.jp/products/mems_module_dicon/,,,,,,,,,,,,,
光増幅器/ 光変調器/ PD/ 光フィルタ他,光スイッチ,,Dicon Fiberoptics Inc.,MEMS型 ON/OFF用 光スイッチ,,,https://www.sevensix.co.jp/products/mems_onoffswitch_dicon/,,,,,,,,,,,,,
光増幅器/ 光変調器/ PD/ 光フィルタ他,光スイッチ,,Dicon Fiberoptics Inc.,MEMS型 3チャンネル フレックスポート光スイッチ,,,https://www.sevensix.co.jp/products/mems_flexport_switch_dicon/,,,,,,,,,,,,,
光増幅器/ 光変調器/ PD/ 光フィルタ他,光スイッチ,,Dicon Fiberoptics Inc.,プログラマブル 光スイッチモジュール,,,https://www.sevensix.co.jp/products/ps_module_dicon/,,,,,,,,,,,,,
光増幅器/ 光変調器/ PD/ 光フィルタ他,光スイッチ,,Dicon Fiberoptics Inc.,MEMS型 3Dマトリクス光スイッチ,,,https://www.sevensix.co.jp/products/mems_3dmatrix_dicon/,,,,,,,,,,,,,
光増幅器/ 光変調器/ PD/ 光フィルタ他,光スイッチ,,Dicon Fiberoptics Inc.,MEMS型 マルチキャスト用 光スイッチ | DiCon,,,https://www.sevensix.co.jp/products/mems_mswitch_dicon/,,,,,,,,,,,,,
光増幅器/ 光変調器/ PD/ 光フィルタ他,光スイッチ,,Agiltron Inc.,結晶タイプ光スイッチ,,,https://www.sevensix.co.jp/products/cswitch_agiltron/,,,,,,,,,,,,,
光増幅器/ 光変調器/ PD/ 光フィルタ他,光スイッチ,,Agiltron Inc.,結晶タイプ 3-Stage 光スイッチ,,,https://www.sevensix.co.jp/products/c3stage_switch_agiltron/,,,,,,,,,,,,,
光増幅器/ 光変調器/ PD/ 光フィルタ他,光スイッチ,,Agiltron Inc.,結晶タイプ ハイパワー用 光スイッチ,,,https://www.sevensix.co.jp/products/c_hpswitch_agiltron/,,,,,,,,,,,,,
光増幅器/ 光変調器/ PD/ 光フィルタ他,光変調器,強度変調器,HyperLight,薄膜LN 145GHz光強度変調器,,,https://www.sevensix.co.jp/products/ln145ghz_hyperlight/,,,,,,,,145 GHz,,,,,
光増幅器/ 光変調器/ PD/ 光フィルタ他,光変調器,強度変調器,HyperLight,薄膜LN 65GHz IQ光変調器,,,https://www.sevensix.co.jp/products/65ghz-iq_modulator_hyperlight/,,,,,,,,65 GHz,,,,,
光増幅器/ 光変調器/ PD/ 光フィルタ他,光変調器,強度変調器,HyperLight,薄膜LN 110GHz 光位相変調器,,,https://www.sevensix.co.jp/products/110ghz-phase_modulator-hyperlight/,,,,,,,,110 GHz,,,,,
光増幅器/ 光変調器/ PD/ 光フィルタ他,光変調器,強度変調器,HyperLight,薄膜LN 40GHz Ultra-low Vπ光位相変調器,,,https://www.sevensix.co.jp/products/40ghz-phase_modulator-hyperlight/,,,,,,,,40 GHz,,,,,
光増幅器/ 光変調器/ PD/ 光フィルタ他,光変調器,強度変調器,HyperLight,薄膜LN 110GHz IQ 光変調器,,,https://www.sevensix.co.jp/products/110ghz_iq_modulator_hyperlight/,,,,,,,,110 GHz,,,,,
光増幅器/ 光変調器/ PD/ 光フィルタ他,光変調器,強度変調器,HyperLight,薄膜LN 40GHz Ultra-low Vπ光強度変調器,,,https://www.sevensix.co.jp/products/40ghz_intensity_modulator_hyperlight/,,,,,,,,40 GHz,,,,,
光増幅器/ 光変調器/ PD/ 光フィルタ他,光変調器,強度変調器,HyperLight,薄膜LN 65GHz光強度変調器,,,https://www.sevensix.co.jp/products/65ghz_intensity_modulator_hyperlight/,,,,,,,,65 GHz,,,,,
光増幅器/ 光変調器/ PD/ 光フィルタ他,光変調器,強度変調器,HyperLight,【宇宙グレード】高消光比強度変調器,,,https://www.sevensix.co.jp/products/fm-mxer-ln-10_exail/,,,,,,,,,,,,,
光増幅器/ 光変調器/ PD/ 光フィルタ他,光変調器,強度変調器,HyperLight,【宇宙グレード】位相変調器,,,https://www.sevensix.co.jp/products/nir-mpx-ln-01_exail/,,,,,,,,,,,,,
光増幅器/ 光変調器/ PD/ 光フィルタ他,光変調器,強度変調器,HyperLight,薄膜LN 110GHz光強度変調器,,,https://www.sevensix.co.jp/products/lnmodulator_hyperlight/,,,,,,,,110 GHz,,,,,
光増幅器/ 光変調器/ PD/ 光フィルタ他,光変調器,強度変調器,iXBlue SAS,800 nm帯 10GHz/20GHｚ 強度変調器,,,https://www.sevensix.co.jp/products/800nmband_10ghz20ghzim_ixblue/,800 nm,,,,,,,10 GHz,,,,,
光増幅器/ 光変調器/ PD/ 光フィルタ他,光変調器,強度変調器,iXBlue SAS,1um帯 20GHz 強度変調器,,,https://www.sevensix.co.jp/products/1umband_20ghzim_ixblue/,1 µm,,,,,,,20 GHz,,,,,
光増幅器/ 光変調器/ PD/ 光フィルタ他,光変調器,強度変調器,iXBlue SAS,1.3um帯 10GHz/20GHz/30GHz 強度変調器,,,https://www.sevensix.co.jp/products/13ummodulator_ixblue/,1.3 µm,,,,,,,10 GHz,,,,,
光増幅器/ 光変調器/ PD/ 光フィルタ他,光変調器,強度変調器,iXBlue SAS,1.5 um帯 10GHz/20GHz/30GHz 強度変調器,,,https://www.sevensix.co.jp/products/15ummodulator_ixblue/,1.5 µm,,,,,,,10 GHz,,,,,
光増幅器/ 光変調器/ PD/ 光フィルタ他,光変調器,強度変調器,iXBlue SAS,1.5 um帯 10GHz/20GHz/40GHz 高消光比 強度変調器,,,https://www.sevensix.co.jp/products/15ummodulator_erim_ixbue/,1.5 µm,,,,,,,10 GHz,,,,,
光増幅器/ 光変調器/ PD/ 光フィルタ他,光変調器,位相変調器,iXBlue SAS,800nm帯 5GHz/10GHz/20GHz 位相変調器,,,https://www.sevensix.co.jp/products/nirmpx_ixblue/,800 nm,,,,,,,5 GHz,,,,,
光増幅器/ 光変調器/ PD/ 光フィルタ他,光変調器,位相変調器,iXBlue SAS,1.5um帯 150MHz~33GHz 位相変調器,,,https://www.sevensix.co.jp/products/mpxln_ixblue/,1.5 µm,,,,,,,150 MHz,,,,,
光増幅器/ 光変調器/ PD/ 光フィルタ他,光変調器,位相変調器,iXBlue SAS,2um帯 100MHz/10GHz 位相変調器,,,https://www.sevensix.co.jp/products/mpx_ixblue/,2 µm,,,,,,,100 MHz,,,,,
光増幅器/ 光変調器/ PD/ 光フィルタ他,光変調器,変調器用RFドライバ,iXBlue SAS,2um帯 1GHz / 10GHz 強度変調器,,,https://www.sevensix.co.jp/products/2um%e5%b8%af-1ghz-10ghz-%e5%bc%b7%e5%ba%a6%e5%a4%89%e8%aa%bf%e5%99%a8-ix-blue/,2 µm,,,,,,,1 GHz,,,,,
光増幅器/ 光変調器/ PD/ 光フィルタ他,光変調器,変調器ボックス（ModBox）,iXBlue SAS,1.5um帯 12.5 / 28Gbps DPSK変調器ボックス,,,https://www.sevensix.co.jp/products/dpsk_ixblue/,1.5 µm,,,,,,,,,,,,
光増幅器/ 光変調器/ PD/ 光フィルタ他,光変調器,変調器ボックス（ModBox）,iXBlue SAS,1.5um帯 28 Gbaud-PAM4 変調器ボックス,,,https://www.sevensix.co.jp/products/modbox_ixblue/,1.5 µm,,,,,,,,,,,,
光増幅器/ 光変調器/ PD/ 光フィルタ他,光フィルタ,光任意波形成形器(Wave Shaper),Coherent (旧 II-VI),通信帯域 スペクトル・分散制御プロセッサ WaveShaper A/Bシリーズ,,,https://www.sevensix.co.jp/products/waveshaper_ab_coherent/,,,,,,,,,,,,,あり
光増幅器/ 光変調器/ PD/ 光フィルタ他,光フィルタ,光任意波形成形器(Wave Shaper),Coherent (旧 II-VI),光スペクトルシンセサイザ WaveMakerシリーズ,,,https://www.sevensix.co.jp/products/coherent_wavemaker4000a/,,,,,,,,,,,,,
光増幅器/ 光変調器/ PD/ 光フィルタ他,光フィルタ,光任意波形成形器(Wave Shaper),Coherent (旧 II-VI),1um 超短パルス ファイバレーザー用 時間・スペクトルプロセッサ WaveShaper 『1000A/SP』,,,https://www.sevensix.co.jp/products/waveshaper1000a_coherent/,1 µm,,,,,,,,,,,,あり
光増幅器/ 光変調器/ PD/ 光フィルタ他,光フィルタ,波長帯域幅可変光フィルタ,EXFO,波長帯域幅可変 光フィルタ『XTA-50 / XTM-50』,,,https://www.sevensix.co.jp/products/xta50_xtm50_exfo/,,,,,,,,,,,,,
光増幅器/ 光変調器/ PD/ 光フィルタ他,光フィルタ,波長帯域幅可変光フィルタ,NKT Photonics A/S,白色レーザー光源用 高機能波長選択フィルタ,,,https://www.sevensix.co.jp/products/scfilter_nktp/,,,,,,,,,,,,,あり
光増幅器/ 光変調器/ PD/ 光フィルタ他,光フィルタ,波長帯域幅可変光フィルタ,Agiltron Inc.,波長可変フィルタ,,,https://www.sevensix.co.jp/products/wtfilter_agiltron/,,,,,,,,,,,,,
光増幅器/ 光変調器/ PD/ 光フィルタ他,光フィルタ,波長帯域幅可変光フィルタ,Dicon Fiberoptics Inc.,MEMS型 100GHz間隔 ネットワーク用チューナブル光フィルタ,,,https://www.sevensix.co.jp/products/mems_100ghzitfilter_dicon/,,,,,,,,100 GHz,,,,,
光増幅器/ 光変調器/ PD/ 光フィルタ他,光フィルタ,波長帯域幅可変光フィルタ,Dicon Fiberoptics Inc.,MEMS チューナブル光フィルタ,,,https://www.sevensix.co.jp/products/mems_tfilter_dicon/,,,,,,,,,,,,,
光増幅器/ 光変調器/ PD/ 光フィルタ他,光フィルタ,波長帯域幅可変光フィルタ,Dicon Fiberoptics Inc.,電動型 C-band帯 チューナブル光フィルタ,,,https://www.sevensix.co.jp/products/m_cband_tfilter_dicon/,,,,,,,,,,,,,
光増幅器/ 光変調器/ PD/ 光フィルタ他,光フィルタ,波長帯域幅可変光フィルタ,Dicon Fiberoptics Inc.,GP750 プログラマブル チューナブルフィルタ,,,https://www.sevensix.co.jp/products/gp750_ptfilter_dicon/,,,,,,,,,,,,,
光増幅器/ 光変調器/ PD/ 光フィルタ他,光フィルタ,波長帯域幅可変光フィルタ,Dicon Fiberoptics Inc.,手動型 C-band帯 チューナブル光フィルタ,,,https://www.sevensix.co.jp/products/cband_tfilter_dicon/,,,,,,,,,,,,,
光増幅器/ 光変調器/ PD/ 光フィルタ他,光フィルタ,波長帯域幅可変光フィルタ,KS Photonics Inc.,ファイバ型音響光学波長可変フィルタ AOTF,,,https://www.sevensix.co.jp/products/fiber_awtfilter_aotf_ksp/,,,,,,,,,,,,,
光増幅器/ 光変調器/ PD/ 光フィルタ他,光フィルタ,MUX/DEMUX,Kylia Inc.,チューナブル波長合分波モジュール (Mux/Demux),,,https://www.sevensix.co.jp/products/twmdmodule_kylia/,,,,,,,,,,,,,
光増幅器/ 光変調器/ PD/ 光フィルタ他,光フィルタ,MUX/DEMUX,3Coptics,MUX/DEMUX (光合分波器),,,https://www.sevensix.co.jp/products/mux_demux_3coptics/,,,,,,,,,,,,,
光増幅器/ 光変調器/ PD/ 光フィルタ他,光フィルタ,MUX/DEMUX,Dicon Fiberoptics Inc.,CWDMフィルタ,,,https://www.sevensix.co.jp/products/cwdmfilter_dicon/,,,,,,,,,,,,,
光増幅器/ 光変調器/ PD/ 光フィルタ他,光フィルタ,MUX/DEMUX,Dicon Fiberoptics Inc.,WDMフィルタ,,,https://www.sevensix.co.jp/products/wdmfilter_dicon/,,,,,,,,,,,,,
光増幅器/ 光変調器/ PD/ 光フィルタ他,光フィルタ,MUX/DEMUX,Dicon Fiberoptics Inc.,広帯域WDMフィルタ,,,https://www.sevensix.co.jp/products/wideband_wdmfilter_dicon/,,,,,,,,,,,,,
光増幅器/ 光変調器/ PD/ 光フィルタ他,光フィルタ,QAMエミュレータ,Kylia Inc.,QAMエミュレータ,,,https://www.sevensix.co.jp/products/qamemulator_kylia/,,,,,,,,,,,,,
光増幅器/ 光変調器/ PD/ 光フィルタ他,光フィルタ,偏波分割多重エミュレータ,Kylia Inc.,偏波分割多重エミュレータ,,,https://www.sevensix.co.jp/products/pdmemulator_kylia/,,,,,,,,,,,,,
光増幅器/ 光変調器/ PD/ 光フィルタ他,光フィルタ,偏波分割多重エミュレータ,TeraXion,FBG方式 波長分散エミュレータ,,,https://www.sevensix.co.jp/products/fbg_mwdemulator_teraxion/,,,,,,,,,,,,,
光増幅器/ 光変調器/ PD/ 光フィルタ他,光フィルタ,光ビットレート倍増器,Kylia Inc.,光ビットレート倍増器,,,https://www.sevensix.co.jp/products/obmultiplier_kylia/,,,,,,,,,,,,,
光増幅器/ 光変調器/ PD/ 光フィルタ他,光フィルタ,光ハイブリッド,Kylia Inc.,90°光ハイブリッド,,,https://www.sevensix.co.jp/products/hybrid_kylia/,,,,,,,,,,,,,
光増幅器/ 光変調器/ PD/ 光フィルタ他,光フィルタ,光ハイブリッド,ITF Technologies Inc.,ゲインフラッテニングフィルタ GFF,,,https://www.sevensix.co.jp/products/gff_ift/,,,,,,,,,,,,,
光増幅器/ 光変調器/ PD/ 光フィルタ他,光フィルタ,光ハイブリッド,Optizone Technology Limited,アイソレータ / フィルタ WDMハイブリッド,,,https://www.sevensix.co.jp/products/iso_wdmhybrid_optizone/,,,,,,,,,,,,,
光増幅器/ 光変調器/ PD/ 光フィルタ他,光フィルタ,光ハイブリッド,Optizone Technology Limited,偏波保持アイソレータ / WDMハイブリッド,,,https://www.sevensix.co.jp/products/pmi_wdmhybrid_optizone/,,,,,,,,,,,,,
光増幅器/ 光変調器/ PD/ 光フィルタ他,光フィルタ,可変光遅延器,Kylia Inc.,可変光遅延器,,,https://www.sevensix.co.jp/products/vod_kylia/,,,,,,,,,,,,,
光増幅器/ 光変調器/ PD/ 光フィルタ他,光フィルタ,可変光遅延器,Agiltron Inc.,広帯域 / 高分解能 可変光遅延器,,,https://www.sevensix.co.jp/products/vod_agiltron/,,,,,,,,,,,,,
光増幅器/ 光変調器/ PD/ 光フィルタ他,光フィルタ,光遅延干渉計,Kylia Inc.,光遅延干渉計,,,https://www.sevensix.co.jp/products/odi_kylia/,,,,,,,,,,,,,
光ファイバ素線 / 光ファイバパッチコード,シングルクラッドファイバ,SMファイバ,NKT Photonics A/S,中空コア フォトニックバンドギャップファイバ,,,https://www.sevensix.co.jp/products/hc_nktp/,,,,,,,,,,,,,
光ファイバ素線 / 光ファイバパッチコード,シングルクラッドファイバ,SMファイバ,exail,【宇宙グレード】偏波保持ジャイロファイバ,,,https://www.sevensix.co.jp/products/space-grade-jf_exail/,,,,,,,,,,,,,
光ファイバ素線 / 光ファイバパッチコード,シングルクラッドファイバ,SMファイバ,Coractive.,光パッシブファイバ,,,https://www.sevensix.co.jp/products/single_sm_coractive/,,,,,,,,,,,,,
光ファイバ素線 / 光ファイバパッチコード,シングルクラッドファイバ,PMファイバ,NKT Photonics A/S,高非線形フォトニック結晶ファイバ,,,https://www.sevensix.co.jp/products/hnpcfiber_nktp/,,,,,,,,,,,,,
光ファイバ素線 / 光ファイバパッチコード,希土類添加ファイバ (Yb/ Er),SMファイバ,iXBlue SAS,耐放射線希土類添加ファイバ,,,https://www.sevensix.co.jp/products/eryb_smffiber_ixblue/,,,,,,,,,,,,,
光ファイバ素線 / 光ファイバパッチコード,希土類添加ファイバ (Yb/ Er),SMファイバ,exail,【宇宙グレード】放射線硬化型ドープファイバ​,,,https://www.sevensix.co.jp/products/space-grad-dpfiber_exail/,,,,,,,,,,,,,
光ファイバ素線 / 光ファイバパッチコード,希土類添加ファイバ (Yb/ Er),SMファイバ,Coractive.,希土類添加ファイバ,,,https://www.sevensix.co.jp/products/rare_smf_coractive/,,,,,,,,,,,,,
光ファイバ素線 / 光ファイバパッチコード,希土類添加ファイバ (Yb/ Er),SMファイバ,iXBlue SAS,Er添加 ダブルクラッドマルチコアファイバ,,,https://www.sevensix.co.jp/products/er_dcmfiber_ixblue/,,,,,,,,,,,,,
光ファイバ素線 / 光ファイバパッチコード,希土類添加ファイバ (Yb/ Er),PMファイバ,iXBlue SAS,耐放射線希土類添加ファイバ,,,https://www.sevensix.co.jp/products/eryb_pmffiber_ixblue/,,,,,,,,,,,,,
光ファイバ素線 / 光ファイバパッチコード,希土類添加ファイバ (Yb/ Er),PMファイバ,NKT Photonics A/S,Yb添加 ダブルクラッドフォトニック結晶ファイバ,,,https://www.sevensix.co.jp/products/yb_dcpcfiber_nktp/,,,,,,,,,,,,,
光ファイバ素線 / 光ファイバパッチコード,希土類添加ファイバ (Yb/ Er),PMファイバ,Coractive.,希土類添加ファイバ,,,https://www.sevensix.co.jp/products/rare_pmf_coractive/,,,,,,,,,,,,,
光ファイバ素線 / 光ファイバパッチコード,希土類添加ファイバ (Yb/ Er),PMファイバ,NKT Photonics A/S,Tm添加ダブルクラッドフォトニック結晶ファイバ,,,https://www.sevensix.co.jp/products/nkt_tm_fiber/,,,,,,,,,,,,,
光ファイバ素線 / 光ファイバパッチコード,マルチコアファイバ,,iXBlue SAS,Er添加 ダブルクラッドマルチコアファイバ,,,https://www.sevensix.co.jp/products/er_dcmfiber_ixblue/,,,,,,,,,,,,,
光ファイバ素線 / 光ファイバパッチコード,マルチコアファイバ,,iXBlue SAS,マルチコアファイバ ファンナウト,,,https://www.sevensix.co.jp/products/mfiber_famout_ixblue/,,,,,,,,,,,,,
光ファイバ素線 / 光ファイバパッチコード,ダブルクラッドファイバ,SMファイバ,iXBlue SAS,Er添加 ダブルクラッドマルチコアファイバ,,,https://www.sevensix.co.jp/products/er_dcmfiber_ixblue/,,,,,,,,,,,,,
光ファイバ素線 / 光ファイバパッチコード,ダブルクラッドファイバ,SMファイバ,Coractive.,光パッシブファイバ ダブルクラッド SMファイバ,,,https://www.sevensix.co.jp/products/double_sm_coractive/,,,,,,,,,,,,,
光ファイバ素線 / 光ファイバパッチコード,ダブルクラッドファイバ,PMファイバ,Coractive.,光パッシブファイバ ダブルクラッド PMファイバ,,,https://www.sevensix.co.jp/products/double_pm_coractive/,,,,,,,,,,,,,
光ファイバ素線 / 光ファイバパッチコード,フォトニック結晶ファイバ,SMファイバ,NKT Photonics A/S,ラージモードエリアフォトニック結晶ファイバ /SMF,,,https://www.sevensix.co.jp/products/lma_sm_nktp/,,,,,,,,,,,,,
光ファイバ素線 / 光ファイバパッチコード,フォトニック結晶ファイバ,SMファイバ,NKT Photonics A/S,中空コア フォトニックバンドギャップファイバ,,,https://www.sevensix.co.jp/products/hc_nktp/,,,,,,,,,,,,,
光ファイバ素線 / 光ファイバパッチコード,フォトニック結晶ファイバ,PMファイバ,NKT Photonics A/S,ラージモードエリアフォトニック結晶ファイバ /PMF,,,https://www.sevensix.co.jp/products/lma_pm_nktp/,,,,,,,,,,,,,
光ファイバ素線 / 光ファイバパッチコード,フォトニック結晶ファイバ,PMファイバ,NKT Photonics A/S,Yb添加 ダブルクラッドフォトニック結晶ファイバ,,,https://www.sevensix.co.jp/products/yb_dcpcfiber_nktp/,,,,,,,,,,,,,
光ファイバ素線 / 光ファイバパッチコード,フォトニック結晶ファイバ,PMファイバ,NKT Photonics A/S,高非線形フォトニック結晶ファイバ,,,https://www.sevensix.co.jp/products/hnpcfiber_nktp/,,,,,,,,,,,,,
光ファイバ素線 / 光ファイバパッチコード,フォトニック結晶ファイバ,PMファイバ,NKT Photonics A/S,Tm添加ダブルクラッドフォトニック結晶ファイバ,,,https://www.sevensix.co.jp/products/nkt_tm_fiber/,,,,,,,,,,,,,
光ファイバ素線 / 光ファイバパッチコード,光ファイバパッチコード,SMファイバパッチコード,Optizone Technology Limited,シングルモードパッチコード,,,https://www.sevensix.co.jp/products/smp_optizone/,,,,,,,,,,,,,
光ファイバ素線 / 光ファイバパッチコード,光ファイバパッチコード,PMファイバパッチコード,Optizone Technology Limited,偏波保持パッチコード,,,https://www.sevensix.co.jp/products/optizone_pmpatchcode/,,,,,,,,,,,,,
光ファイバ素線 / 光ファイバパッチコード,光ファイバパッチコード,MMファイバパッチコード,3Coptics,光ファイバパッチコード 1芯 (Simplex) / 2芯 (Duplex),,,https://www.sevensix.co.jp/products/3coptics_patchcode/,,,,,,,,,,,,,
光ファイバ素線 / 光ファイバパッチコード,光ファイバパッチコード,PCFパッチコード,NKT Photonics A/S,aeroGUIDE ラージモードエリアフォトニック結晶ファイバパッチコード,,,https://www.sevensix.co.jp/products/aeroguide_nktp/,,,,,,,,,,,,,
光ファイバ部品,光ファイバ部品の主要ラインナップ,,Optizone Technology Limited,光ファイバ部品の主要ラインナップ,,,https://www.sevensix.co.jp/products/opticalcomponent/,,,,,,,,,,,,,
光ファイバ部品,WDMカプラ,,KS Photonics Inc.,マルチコアファイバカプラ,,,https://www.sevensix.co.jp/products/multicore-fibercoupler_ks-photonics/,,,,,,,,,,,,,
光ファイバ部品,WDMカプラ,,Optizone Technology Limited,偏波保持WDMフィルタ型カプラ,,,https://www.sevensix.co.jp/products/pm_wdmfiltertc_optizone/,,,,,,,,,,,,,
光ファイバ部品,WDMカプラ,,Optizone Technology Limited,シングルモードWDMフィルタ型カプラ,,,https://www.sevensix.co.jp/products/sm_wdmfiltertc_optizone/,,,,,,,,,,,,,
光ファイバ部品,WDMカプラ,,Optizone Technology Limited,マルチモードWDMフィルタ型カプラ,,,https://www.sevensix.co.jp/products/m_wdmfiltertc_optizone/,,,,,,,,,,,,,
光ファイバ部品,WDMカプラ,,Dicon Fiberoptics Inc.,CWDMフィルタ型カプラ,,,https://www.sevensix.co.jp/products/cwdm_tc_dicon/,,,,,,,,,,,,,
光ファイバ部品,WDMカプラ,,Dicon Fiberoptics Inc.,WDMフィルタ型カプラ,,,https://www.sevensix.co.jp/products/wdm_tc_dicon/,,,,,,,,,,,,,
光ファイバ部品,光ファイバアイソレータ,SMアイソレータ,Optizone Technology Limited,広帯域シングルモードアイソレータ,,,https://www.sevensix.co.jp/products/wsm_isolator_optizone/,,,,,,,,,,,,,
光ファイバ部品,光ファイバアイソレータ,SMアイソレータ,Optizone Technology Limited,高出力シングルモードアイソレータ,,,https://www.sevensix.co.jp/products/hpsm_isolator_optizone/,,,,,,,,,,,,,
光ファイバ部品,光ファイバアイソレータ,SMアイソレータ,Optizone Technology Limited,フリースペースアイソレータ,,,https://www.sevensix.co.jp/products/fs_isolator_optizone/,,,,,,,,,,,,,
光ファイバ部品,光ファイバアイソレータ,SMアイソレータ,Optizone Technology Limited,シングルモードアイソレータ,,,https://www.sevensix.co.jp/products/sm_isolator_optizone/,,,,,,,,,,,,,
光ファイバ部品,光ファイバアイソレータ,PMアイソレータ,Optizone Technology Limited,高出力偏波保持アイソレータ,,,https://www.sevensix.co.jp/products/hppm_isolator_optizone/,,,,,,,,,,,,,
光ファイバ部品,光ファイバアイソレータ,PMアイソレータ,Optizone Technology Limited,高出力 偏波保持 バンドパスフィルタ / アイソレータ ハイブリッド,,,https://www.sevensix.co.jp/products/hopmb_fi_hybrid_optizone/,,,,,,,,,,,,,
光ファイバ部品,光ファイバアイソレータ,PMアイソレータ,Optizone Technology Limited,偏波保持アイソレータコンバイナ / スプリッタ,,,https://www.sevensix.co.jp/products/pmic_splitter_optizone/,,,,,,,,,,,,,
光ファイバ部品,光ファイバアイソレータ,PMアイソレータ,Optizone Technology Limited,偏波保持タップアイソレータ,,,https://www.sevensix.co.jp/products/pmt_isolator_optizone/,,,,,,,,,,,,,
光ファイバ部品,光ファイバアイソレータ,PMアイソレータ,Optizone Technology Limited,偏波保持アイソレータ,,,https://www.sevensix.co.jp/products/pm_isolator_optizone/,,,,,,,,,,,,,
光ファイバ部品,光ファイバアイソレータ,PMアイソレータ,Optizone Technology Limited,偏波無依存タップアイソレータ,,,https://www.sevensix.co.jp/products/pit_isolator_optizone/,,,,,,,,,,,,,
光ファイバ部品,光ファイバアイソレータ,PMアイソレータ,Optizone Technology Limited,マルチモードアイソレータ,,,https://www.sevensix.co.jp/products/misolator_optizone/,,,,,,,,,,,,,
光ファイバ部品,光ファイバアイソレータ,コリメータ付きアイソレータ,Optizone Technology Limited,高出力偏波保持空間出力型アイソレータ,,,https://www.sevensix.co.jp/products/hpsms_oisolator_optizone/,,,,,,,,,,,,,
光ファイバ部品,光ファイバアイソレータ,コリメータ付きアイソレータ,Optizone Technology Limited,高出力偏波無依存空間出力型アイソレータ,,,https://www.sevensix.co.jp/products/hppis_oisolator_optizone/,,,,,,,,,,,,,
光ファイバ部品,光ファイバアイソレータ,WDM付きアイソレータ,Optizone Technology Limited,アイソレータ / フィルタ WDMハイブリッド,,,https://www.sevensix.co.jp/products/iso_wdmhybrid_optizone/,,,,,,,,,,,,,
光ファイバ部品,光ファイバアイソレータ,WDM付きアイソレータ,Optizone Technology Limited,偏波保持アイソレータ / WDMハイブリッド,,,https://www.sevensix.co.jp/products/pmi_wdmhybrid_optizone/,,,,,,,,,,,,,
光ファイバ部品,高出力伝送用ファイバ,,Optizone Technology Limited,ハイパワーアッセンブリ,,,https://www.sevensix.co.jp/products/hpa_optizone/,,,,,,,,,,,,,
光ファイバ部品,高出力伝送用ファイバ,,Optizone Technology Limited,高出力レーザー用 光ファイバケーブル,,,https://www.sevensix.co.jp/products/highpower-opticalcable_optizone/,,,,,,,,,,,,,
光ファイバ部品,FBG,,ITF Technologies Inc.,FBGポンプロッカー,,,https://www.sevensix.co.jp/products/fbg_pr_itf/,,,,,,,,,,,,,
光ファイバ部品,FBG,,ITF Technologies Inc.,FBGセンサー シングル,,,https://www.sevensix.co.jp/products/fbg_ss_itf/,,,,,,,,,,,,,
光ファイバ部品,FBG,,ITF Technologies Inc.,FBGセンサー アレイ,,,https://www.sevensix.co.jp/products/fbg_sa_itf/,,,,,,,,,,,,,
光ファイバ部品,光ファイバカプラ,フィルタカプラ *Tapカプラ含む,Optizone Technology Limited,光ファイバカプラ (タップ) シングルモード,,,https://www.sevensix.co.jp/products/focsm_optizone/,,,,,,,,,,,,,
光ファイバ部品,光ファイバカプラ,フィルタカプラ *Tapカプラ含む,Optizone Technology Limited,シングルモードフィルタカプラ 1064nm,,,https://www.sevensix.co.jp/products/sm_fc_optizone/,1064 nm,,,,,,,,,,,,
光ファイバ部品,光ファイバカプラ,フィルタカプラ *Tapカプラ含む,Optizone Technology Limited,偏波保持フィルタカプラモジュール,,,https://www.sevensix.co.jp/products/pm_fcm_optizone/,,,,,,,,,,,,,
光ファイバ部品,光ファイバカプラ,フィルタカプラ *Tapカプラ含む,Optizone Technology Limited,偏波保持フィルタカプラ,,,https://www.sevensix.co.jp/products/pmfc_optizone/,,,,,,,,,,,,,
光ファイバ部品,光ファイバカプラ,フューズドカプラ(溶融延伸型),Optizone Technology Limited,マルチモードフューズドカプラ,,,https://www.sevensix.co.jp/products/mfc_optizone/,,,,,,,,,,,,,
光ファイバ部品,光ファイバカプラ,フューズドカプラ(溶融延伸型),Optizone Technology Limited,偏波保持フューズドカプラ,,,https://www.sevensix.co.jp/products/pmfc_optizone-2/,,,,,,,,,,,,,
光ファイバ部品,光ファイバカプラ,フューズドカプラ(溶融延伸型),Optizone Technology Limited,シングルモードフューズドカプラ 980nm,,,https://www.sevensix.co.jp/products/smfc_optizone/,980 nm,,,,,,,,,,,,
光ファイバ部品,光ファイバカプラ,フューズドカプラ(溶融延伸型),Optizone Technology Limited,シングルモードツリーカプラ,,,https://www.sevensix.co.jp/products/%e3%82%b7%e3%83%b3%e3%82%b0%e3%83%ab%e3%83%a2%e3%83%bc%e3%83%89%e3%83%84%e3%83%aa%e3%83%bc%e3%82%ab%e3%83%97%e3%83%a9-optizone///,,,,,,,,,,,,,
光ファイバ部品,光ファイバカプラ,フューズドカプラ(溶融延伸型),Optizone Technology Limited,シングルモードワイドバンドモノリシックカプラ,,,https://www.sevensix.co.jp/products/%e3%82%b7%e3%83%b3%e3%82%b0%e3%83%ab%e3%83%a2%e3%83%bc%e3%83%89%e3%83%af%e3%82%a4%e3%83%89%e3%83%90%e3%83%b3%e3%83%89%e3%83%a2%e3%83%8e%e3%83%aa%e3%82%b7%e3%83%83%e3%82%af%e3%82%ab%e3%83%97%e3%83%a9/,,,,,,,,,,,,,
光ファイバ部品,光ファイバカプラ,分岐比可変カプラ(マニュアル・オート),KS Photonics Inc.,分岐比可変カプラ：手動 / 自動 設定型,,,https://www.sevensix.co.jp/products/vbrc_mast_ksp/,,,,,,,,,,,,,
光ファイバ部品,光サーキュレータ,SMサーキュレータ,Optizone Technology Limited,シングルモードサーキュレータ,,,https://www.sevensix.co.jp/products/smc_optizone/,,,,,,,,,,,,,
光ファイバ部品,光サーキュレータ,SMサーキュレータ,Agiltron Inc.,光サーキュレータ 波長: 1310 / 1550nm 出力: 5W,,,https://www.sevensix.co.jp/products/occl_agilitron/,1550 nm,,5 W,,,,,,,,,,
光ファイバ部品,光サーキュレータ,PMサーキュレータ,Agiltron Inc.,光サーキュレータ 波長: 850 ~ 1060nm 出力: 20W,,,https://www.sevensix.co.jp/products/oc_agilitron/,850–1060 nm,,20 W,,,,,,,,,,
光ファイバ部品,光サーキュレータ,PMサーキュレータ,Optizone Technology Limited,偏波保持光サーキュレータ,,,https://www.sevensix.co.jp/products/pmoc_optizone/,,,,,,,,,,,,,
光ファイバ部品,光コリメータ,SMコリメータ,Optizone Technology Limited,シングルモード光コリメータ,,,https://www.sevensix.co.jp/products/smoc_optizone/,,,,,,,,,,,,,
光ファイバ部品,光コリメータ,PMコリメータ,Optizone Technology Limited,偏波保持光コリメータ,,,https://www.sevensix.co.jp/products/pmocl_optizone/,,,,,,,,,,,,,
光ファイバ部品,光コリメータ,MMコリメータ,Optizone Technology Limited,マルチモード光コリメータ,,,https://www.sevensix.co.jp/products/moc_optizone/,,,,,,,,,,,,,
光ファイバ部品,光コンバイナ/スプリッタ,ポンプコンバイナ,Optizone Technology Limited,ポンプシグナルコンバイナ,,,https://www.sevensix.co.jp/products/pompcombiner_optizone/,,,,,,,,,,,,,
光ファイバ部品,光コンバイナ/スプリッタ,ポンプコンバイナ,Optizone Technology Limited,偏波保持アイソレータコンバイナ / スプリッタ,,,https://www.sevensix.co.jp/products/pmic_splitter_optizone/,,,,,,,,,,,,,
光ファイバ部品,光コンバイナ/スプリッタ,ポンプコンバイナ,Optizone Technology Limited,マルチモードポンプコンバイナ,,,https://www.sevensix.co.jp/products/mpc_optizone/,,,,,,,,,,,,,
光ファイバ部品,光コンバイナ/スプリッタ,ポンプコンバイナ,ITF Technologies Inc.,ハイパワーポンプコンバイナ 波長: 800 ~ 1000nm ポート数: 3x1 / 4x1 / 7x1 / 19x1 / 31x1,,,https://www.sevensix.co.jp/products/hppc_itf/,800–1000 nm,,,,,,,,,,,,
光ファイバ部品,光コンバイナ/スプリッタ,ポンプコンバイナ,ITF Technologies Inc.,ハイパワーポンプ / シグナルコンバイナ,,,https://www.sevensix.co.jp/products/hpp_sc_iitf/,,,,,,,,,,,,,
光ファイバ部品,光コンバイナ/スプリッタ,ポンプコンバイナ,ITF Technologies Inc.,ポンプ/ シグナルコンバイナ,,,https://www.sevensix.co.jp/products/p_sc_itf/,,,,,,,,,,,,,
光ファイバ部品,光コンバイナ/スプリッタ,ポンプコンバイナ,ITF Technologies Inc.,ハイパワーコンバイナ,,,https://www.sevensix.co.jp/products/hpc_itf/,,,,,,,,,,,,,
光ファイバ部品,光コンバイナ/スプリッタ,偏波ビームコンバイナ/スプリッタ,Optizone Technology Limited,偏光ビームコンバイナ/スプリッタ,,,https://www.sevensix.co.jp/products/pbc_s_optizone/,,,,,,,,,,,,,
光ファイバ部品,その他光ファイバ部品,ポンプLDプロテクタ,Optizone Technology Limited,マルチモードポンプLDプロテクタ,,,https://www.sevensix.co.jp/products/mp_ldp_optizone/,,,,,,,,,,,,,
光ファイバ部品,その他光ファイバ部品,クラッディングパワーストリッパ,Optizone Technology Limited,クラッドポンプストリッパー,,,https://www.sevensix.co.jp/products/cps_optizone/,,,,,,,,,,,,,
光ファイバ部品,その他光ファイバ部品,クラッディングパワーストリッパ,ITF Technologies Inc.,ファイバーレーザー / アンプ 用 コンポーネント,,,https://www.sevensix.co.jp/products/fl_ac_itf/,,,,,,,,,,,,,
光ファイバ部品,その他光ファイバ部品,インラインポラライザ,Optizone Technology Limited,インラインポラライザ,,,https://www.sevensix.co.jp/products/ip_optizone/,,,,,,,,,,,,,
光ファイバ部品,その他光ファイバ部品,ファイバーミラー,Optizone Technology Limited,ファイバーミラー,,,https://www.sevensix.co.jp/products/fiberm_optizone/,,,,,,,,,,,,,
光ファイバ部品,その他光ファイバ部品,ファラデーミラー,Optizone Technology Limited,ファラデーミラー,,,https://www.sevensix.co.jp/products/fm_optizone/,,,,,,,,,,,,,
光ファイバ部品,その他光ファイバ部品,ファラデーミラー,Optizone Technology Limited,インラインファラデーローテータ,,,https://www.sevensix.co.jp/products/fr_optizone/,,,,,,,,,,,,,
光ファイバ部品,その他光ファイバ部品,偏波コントローラ,KS Photonics Inc.,全ファイバ型 偏波コントローラ 単一パドル型 / 3パドル型,,,https://www.sevensix.co.jp/products/aftpc_spt_3pt_ksp/,,,,,,,,,,,,,
光ファイバ部品,その他光ファイバ部品,偏波コントローラ,Agiltron Inc.,高速偏波スクランブラ,,,https://www.sevensix.co.jp/products/fps_agilitron/,,,,,,,,,,,,,
光ファイバ部品,その他光ファイバ部品,VOA（光可変減衰器）,Agiltron Inc.,フリースペース MEMS型 VOA,,,https://www.sevensix.co.jp/products/fs_mems_voa_agilitron/,,,,,,,,,,,,,
光ファイバ部品,その他光ファイバ部品,VOA（光可変減衰器）,Agiltron Inc.,ソリッドステート型 ハイパワーVOA,,,https://www.sevensix.co.jp/products/ssthp_voa_agilitron/,,,,,,,,,,,,,
光ファイバ部品,その他光ファイバ部品,VOA（光可変減衰器）,Dicon Fiberoptics Inc.,MEMS型プログラマブル マルチモードVOA,,,https://www.sevensix.co.jp/products/mems_pm_voa_dicon/,,,,,,,,,,,,,
光ファイバ部品,その他光ファイバ部品,VOA（光可変減衰器）,Optizone Technology Limited,スクリュー型 VOA,,,https://www.sevensix.co.jp/products/st_voa_optizone/,,,,,,,,,,,,,
光ファイバ部品,その他光ファイバ部品,VOA（光可変減衰器）,Agiltron Inc.,MEMS型 通信帯域シングルモード VOA,,,https://www.sevensix.co.jp/products/mems_cbsm_voa_agilitron/,,,,,,,,,,,,,
光ファイバ部品,その他光ファイバ部品,VOA（光可変減衰器）,Dicon Fiberoptics Inc.,MEMS型 ラックマウント シングルモードVOA,,,https://www.sevensix.co.jp/products/mems_rmsm_voa_dicon/,,,,,,,,,,,,,
光ファイバ部品,その他光ファイバ部品,VOA（光可変減衰器）,Agiltron Inc.,MEMS型 VOA アレイ,,,https://www.sevensix.co.jp/products/mems_voa_a_agilitron/,,,,,,,,,,,,,
光ファイバ部品,その他光ファイバ部品,VOA（光可変減衰器）,Agiltron Inc.,OCT向け 超小型ファイバープローブ,,,https://www.sevensix.co.jp/products/oct%e5%90%91%e3%81%91-%e8%b6%85%e5%b0%8f%e5%9e%8b%e3%83%95%e3%82%a1%e3%82%a4%e3%83%90%e3%83%bc%e3%83%97%e3%83%ad%e3%83%bc%e3%83%96-agiltron/,,,,,,,,,,,,,
光ファイバ部品,その他光ファイバ部品,VOA（光可変減衰器）,Optizone Technology Limited,偏波保持ファイバーフォーカサー,,,https://www.sevensix.co.jp/products/%e5%81%8f%e6%b3%a2%e4%bf%9d%e6%8c%81%e3%83%95%e3%82%a1%e3%82%a4%e3%83%90%e3%83%bc%e3%83%95%e3%82%a9%e3%83%bc%e3%82%ab%e3%82%b5%e3%83%bc-%e6%b3%a2%e9%95%b7-1064nm-optizone/,,,,,,,,,,,,,
光ファイバ部品,その他光ファイバ部品,VOA（光可変減衰器）,Optizone Technology Limited,バンドパスフィルタ,,,https://www.sevensix.co.jp/products/%e3%83%90%e3%83%b3%e3%83%89%e3%83%91%e3%82%b9%e3%83%95%e3%82%a3%e3%83%ab%e3%82%bf-%e6%b3%a2%e9%95%b7-1064-1565nm-optizone/,,,,,,,,,,,,,
光ファイバ部品,その他光ファイバ部品,VOA（光可変減衰器）,Phoenix Photonics Ltd.,フォトニックランタン マルチプレクサ/デマルチプレクサ,,,https://www.sevensix.co.jp/products/%e3%83%95%e3%82%a9%e3%83%88%e3%83%8b%e3%83%83%e3%82%af%e3%83%a9%e3%83%b3%e3%82%bf%e3%83%b3-%e3%83%9e%e3%83%ab%e3%83%81%e3%83%97%e3%83%ac%e3%82%af%e3%82%b5-%e3%83%87%e3%83%9e%e3%83%ab%e3%83%81%e3%83%97/,,,,,,,,,,,,,
光ファイバ部品,その他光ファイバ部品,VOA（光可変減衰器）,KS Photonics Inc.,通信帯 モード分割マルチプレクサ/デマルチプレクサ,,,https://www.sevensix.co.jp/products/%e2%80%bbks-photonics%e2%80%bb%e3%80%80%e9%80%9a%e4%bf%a1%e5%b8%af-%e3%83%a2%e3%83%bc%e3%83%89%e5%88%86%e5%89%b2%e3%83%9e%e3%83%ab%e3%83%81%e3%83%97%e3%83%ac%e3%82%af%e3%82%b5-%e3%83%87%e3%83%9e//,,,,,,,,,,,,,
光ファイバ部品,その他光ファイバ部品,VOA（光可変減衰器）,Phoenix Photonics Ltd.,フューモードファイバLP11モードストリッパ,,,https://www.sevensix.co.jp/products/%e3%83%95%e3%83%a5%e3%83%bc%e3%83%a2%e3%83%bc%e3%83%89%e3%83%95%e3%82%a1%e3%82%a4%e3%83%90lp11%e3%83%a2%e3%83%bc%e3%83%89%e3%82%b9%e3%83%88%e3%83%aa%e3%83%83%e3%83%91-%e2%9d%98-phoenix-photonics/,,,,,,,,,,,,,
光ファイバ部品,その他光ファイバ部品,VOA（光可変減衰器）,Phoenix Photonics Ltd.,調整機能付きモード変換器,,,https://www.sevensix.co.jp/products/%e8%aa%bf%e6%95%b4%e6%a9%9f%e8%83%bd%e4%bb%98%e3%81%8d%e3%83%a2%e3%83%bc%e3%83%89%e5%a4%89%e6%8f%9b%e5%99%a8-%e2%9d%98-phoenix/,,,,,,,,,,,,,
光ファイバ部品,その他光ファイバ部品,VOA（光可変減衰器）,Phoenix Photonics Ltd.,ファイバモードコンバータ,,,https://www.sevensix.co.jp/products/%e3%83%95%e3%82%a1%e3%82%a4%e3%83%90%e3%83%a2%e3%83%bc%e3%83%89%e3%82%b3%e3%83%b3%e3%83%90%e3%83%bc%e3%82%bf-%e2%9d%98-phoenix-photonics/,,,,,,,,,,,,,
光ファイバ部品,その他光ファイバ部品,VOA（光可変減衰器）,Phoenix Photonics Ltd.,メカニカルモードストリッパー,,,https://www.sevensix.co.jp/products/%e3%83%a1%e3%82%ab%e3%83%8b%e3%82%ab%e3%83%ab%e3%83%a2%e3%83%bc%e3%83%89%e3%82%b9%e3%83%88%e3%83%aa%e3%83%83%e3%83%91%e3%83%bc-%e2%9d%98-phoenix-photonics/,,,,,,,,,,,,,
光ファイバ部品,その他光ファイバ部品,VOA（光可変減衰器）,KS Photonics Inc.,多モード研究用 長周期グレーティング TLPG,,,https://www.sevensix.co.jp/products/%e2%80%bbks-photonics%e2%80%bb%e3%80%80%e5%a4%9a%e3%83%a2%e3%83%bc%e3%83%89%e7%a0%94%e7%a9%b6%e7%94%a8-%e9%95%b7%e5%91%a8%e6%9c%9f%e3%82%b0%e3%83%ac%e3%83%bc%e3%83%86%e3%82%a3%e3%83%b3%e3%82%b0/,,,,,,,,,,,,,
光計測器,光スペクトラムアナライザ,,メーカ：Coherent (旧 II-VI),C+L-band 高分解能 光スペクトラム・アナライザ『WaveAnalyzer 400A』,,,https://www.sevensix.co.jp/products/waveanalyzer-400a/,,,,,,,,,,,,,あり
光計測器,光スペクトラムアナライザ,,Coherent (旧 II-VI),超高波長精度 光スペクトラムアナライザ『WaveAnalyzer 1500B』,,,https://www.sevensix.co.jp/products/1500b_coherent/,,,,,,,,,,,,,あり
光計測器,光スペクトラムアナライザ,,Coherent (旧 II-VI),高性能光スペクトラムアナライザ : WaveAnalyzer,,,https://www.sevensix.co.jp/products/wa100s1500s_coherent/,,,,,,,,,,,,,あり
光計測器,光スペクトラムアナライザ,,Coherent (旧 II-VI),ポータブル高分解能光スペクトラムアナライザ : WaveAnalyzer『200B/200A』,,,https://www.sevensix.co.jp/products/waveanalyzer_200a/,,,,,,,,,,,,,
光計測器,光スペクトラムアナライザ,,EXFO,CWDM/DWDMネットワーク用光スペクトラムアナライザ『FTBx-5235』,,,https://www.sevensix.co.jp/products/ftbx5235_exfo/,,,,,,,,,,,,,
光計測器,光スペクトラムアナライザ,,SYCATUS株式会社,超高精度 光周波数雑音/線幅アナライザ『A0040A』,,,https://www.sevensix.co.jp/products/a0040a_sycatus/,,,,,,,,,,,,,
光計測器,BERT,BERT,EXFO,光トランシーバテスター『MA-4000』,,,https://www.sevensix.co.jp/products/ma4000_exfo/,,,,,,,,,,,,,
光計測器,BERT,BERT,EXFO,ビットエラーレートテスター(BERT)『BA-4000』,,,https://www.sevensix.co.jp/products/ba4000_exfo/,,,,,,,,,,,,,
光計測器,BERT,CDR,EXFO,クロックデータリカバリ(CDR)『CD-4000』,,,https://www.sevensix.co.jp/products/cd4000_exfo/,,,,,,,,,,,,,
光計測器,BERT,サンプリング・オシロスコープ,EXFO,超高速サンプリング・オシロスコープ『EA-4000,,,https://www.sevensix.co.jp/products/ea4000_exfo/,,,,,,,,,,,,,
光計測器,その他,,EXFO,OPAL-SD：フォトニック集積回路 (PIC) 向けシングルダイ自動プローブステーション,,,https://www.sevensix.co.jp/products/opal-sd_exfo/,,,,,,,,,,,,,
光計測器,その他,,EXFO,OPAL-EC：フォトニック集積回路 (PIC) 向けエッジカップリング自動プローブステーション,,,https://www.sevensix.co.jp/products/opal-ec_exfo/,,,,,,,,,,,,,
光計測器,その他,,EXFO,OPAL-MD：フォトニック集積回路 (PIC) 向け自動プローブステーション​,,,https://www.sevensix.co.jp/products/opal-md_exfo/,,,,,,,,,,,,,
光計測器,その他,,EXFO,PIC(光集積回路)テストソリューション,,,https://www.sevensix.co.jp/products/exfo_pic-test-system/,,,,,,,,,,,,,
光計測器,その他,,EXFO,800GbEネットワークテスター『FTBx-888xx』シリーズ,,,https://www.sevensix.co.jp/products/ftbx-8880x_exfo/,,,,,,,,,,,,,
光計測器,その他,,EXFO,小型多ポート400GbEネットワークテスター 『FTBx-8848x』シリーズ,,,https://www.sevensix.co.jp/products/ftbx-8848x_exfo/,,,,,,,,,,,,,
光計測器,その他,光ファイバ心線対照器,EXFO,光ファイバ心線対照器,,,https://www.sevensix.co.jp/products/ofcd_exfo/,,,,,,,,,,,,,あり
光計測器,その他,CD/PMDアナライザ,EXFO,CD/PMDアナライザ,,,https://www.sevensix.co.jp/products/cd_pmd_exfo/,,,,,,,,,,,,,
光計測器,その他,光コンポーネント・テスタ,EXFO,光コンポーネントテスタ『CTP10』,,,https://www.sevensix.co.jp/products/ctp10_exfo/,,,,,,,,,,,,,
光計測器,その他,光コンポーネント・テスタ,EXFO,イーサネットテスター『FTBx-88460』,,,https://www.sevensix.co.jp/products/ftbx88460_exfo/,,,,,,,,,,,,,
光計測器,その他,光コンポーネント・テスタ,SYCATUS株式会社,光遅延時間測定システム,,,https://www.sevensix.co.jp/products/a0060a_sycatus/,,,,,,,,,,,,,
光計測器,その他,光コンポーネント・テスタ,SYCATUS株式会社,広帯域RIN測定システム,,,https://www.sevensix.co.jp/products/a0010a_sycatus/,,,,,,,,,,,,,
光計測器,その他,光コンポーネント・テスタ,株式会社フジクラ,ハンディOTDRシリーズ,,,https://www.sevensix.co.jp/products/ofl280-flx380_fujikura/,,,,,,,,,,,,,
光計測器,その他,光コンポーネント・テスタ,EXFO,光ファイバチェッカー『OX-1』,,,https://www.sevensix.co.jp/products/ox1_exfo/,,,,,,,,,,,,,
光計測器,その他,光コンポーネント・テスタ,EXFO,MPOケーブルチェッカー,,,https://www.sevensix.co.jp/products/connectormax_exfo/,,,,,,,,,,,,,
光計測器,その他,光コンポーネント・テスタ,セブンシックス株式会社,光学接触式温度モニター,,,https://www.sevensix.co.jp/products/temperaturemonitor_sevensix/,,,,,,,,,,,,,
光計測器,パルス波形測定器,,Amonics Ltd.,フェムト秒・ピコ秒パルスレーザ測定器,,,https://www.sevensix.co.jp/products/fpplaser_mi_amonics/,,,,,,,,,,,,,あり
光計測器,パワーメータ,,EXFO,多芯光ファイバ長/損失/極性測定器『PXM/LXM』,,,https://www.sevensix.co.jp/products/pxmlxm_exfo/,,,,,,,,,,,,,
光計測器,パワーメータ,,EXFO,光パワーメータ『PX-1』,,,https://www.sevensix.co.jp/products/px1_exfo/,,,,,,,,,,,,,
光計測器,パワーメータ,,PPI Inc.,400G/100G 光パワーメータ,,,https://www.sevensix.co.jp/products/400_100_opm_ppi/,,,,,,,,,,,,,
光計測器,パワーメータ,,PPI Inc.,MPO光パワーメータ＆光源,,,https://www.sevensix.co.jp/products/mpo_opm_ls_ppi/,,,,,,,,,,,,,
光ファイバ融着・加工/清掃用品,光ファイバ融着接続関連,融着器,株式会社フジクラ,単心 光ファイバ融着接続機,,,https://www.sevensix.co.jp/products/single_fsplicer_fujikura/,,,,,,,,,,,,,
光ファイバ融着・加工/清掃用品,光ファイバ融着接続関連,融着器,株式会社フジクラ,多心 光ファイバ融着接続機,,,https://www.sevensix.co.jp/products/multi_fsplicer_fujikura/,,,,,,,,,,,,,
光ファイバ融着・加工/清掃用品,光ファイバ融着接続関連,ファイバカッター,株式会社フジクラ,光ファイバクリーバ,,,https://www.sevensix.co.jp/products/fiberopticcleaver_fujikura/,,,,,,,,,,,,,
光ファイバ融着・加工/清掃用品,光ファイバ融着接続関連,補強スリーブ,株式会社フジクラ,単心 / 多心用 補強スリーブ『FP/FPSシリーズ』,,,https://www.sevensix.co.jp/products/fibersleeve_fujikura/,,,,,,,,,,,,,
光ファイバ融着・加工/清掃用品,光ファイバ融着接続関連,ファイバリコーター,株式会社フジクラ,光ファイバ リコータ光ファイバリコータ『FSRシリーズ』,,,https://www.sevensix.co.jp/products/fsr_fujikura/,,,,,,,,,,,,,
光ファイバ融着・加工/清掃用品,光ファイバ融着接続関連,超音波洗浄器,株式会社フジクラ,超音波洗浄器,,,https://www.sevensix.co.jp/products/usc03_fujikura/,,,,,,,,,,,,,
光ファイバ融着・加工/清掃用品,光ファイバ融着接続関連,全自動ファイバ前処理機,株式会社フジクラ,全自動ファイバ前処理機,,,https://www.sevensix.co.jp/products/apm_fujikura/,,,,,,,,,,,,,
光ファイバ融着・加工/清掃用品,光コネクタ端面観察器,,EXFO,全自動光コネクタ端面観察器『FIP-500』,,,https://www.sevensix.co.jp/products/fip500_exfo/,,,,,,,,,,,,,
光ファイバ融着・加工/清掃用品,光コネクタ端面観察器,,株式会社フジクラ,光コネクタ端面観察器『FOCIS Flex2』,,,https://www.sevensix.co.jp/products/focisflex_fujikura/,,,,,,,,,,,,,
光ファイバ融着・加工/清掃用品,光コネクタ端面観察器,,NTT AT,ワイヤレス光コネクタ端面観察器『EasyGetWifi』,,,https://www.sevensix.co.jp/products/easy_get_wifi_nttat/,,,,,,,,,,,,,あり
光ファイバ融着・加工/清掃用品,光コネクタクリーナー,,NTT AT,ハンディ型 光コネクタ研磨機,,,https://www.sevensix.co.jp/products/nttat_cleaner/,,,,,,,,,,,,,
光ファイバ融着・加工/清掃用品,光コネクタクリーナー,,NTT AT,光コネクタクリーナー,,,https://www.sevensix.co.jp/products/cleaner_nttat/,,,,,,,,,,,,,
光ファイバ融着・加工/清掃用品,光ファイバ用低屈折樹脂,,MY Polymers Ltd.,低屈折率（1.308 ~ 1.550）光ファイバ接着剤,,,https://www.sevensix.co.jp/products/ofa1_mypolymers/,,,,,,,,,,,,,
光ファイバ融着・加工/清掃用品,光ファイバ用低屈折樹脂,,MY Polymers Ltd.,低屈折率（1.308 ~ 1.550）リコーティング用樹脂,,,https://www.sevensix.co.jp/products/ofa2_mypolymers/,,,,,,,,,,,,,
光ファイバ融着・加工/清掃用品,光ファイバ用低屈折樹脂,,MY Polymers Ltd.,低屈折率（1.330 ~ 1.430）光ファイバ接着剤,,,https://www.sevensix.co.jp/products/ofa3_mypolymers/,,,,,,,,,,,,,
光通信/ 同軸・RF関連,光トランシーバ,,Coherent (旧 II-VI),800G ZR/ZR+ QSFP-DD DCO 光トランシーバ,,,https://www.sevensix.co.jp/products/800g_transceiver_coherent/,,,,,,,,,,,,,
光通信/ 同軸・RF関連,光トランシーバ,,Coherent (旧 II-VI),アナログ光リンクモジュール (AO wave),,,https://www.sevensix.co.jp/products/aolm_coherent/,,,,,,,,,,,,,
光通信/ 同軸・RF関連,光トランシーバ,,Coherent (旧 II-VI),400GbE/100GbE QSFP 光トランシーバ,,,https://www.sevensix.co.jp/products/qsfp_ot_coherent/,,,,,,,,,,,,,
光通信/ 同軸・RF関連,光トランシーバ,,Coherent (旧 II-VI),データセンター向け 光トランシーバ,,,https://www.sevensix.co.jp/products/ot_dc_coherent/,,,,,,,,,,,,,
光通信/ 同軸・RF関連,光トランシーバ,,Coherent (旧 II-VI),400G CFP2-DCO デジタルコヒレント 光トランシーバ,,,https://www.sevensix.co.jp/products/otdc_coherent/,,,,,,,,,,,,,
光通信/ 同軸・RF関連,光トランシーバ,,Coherent (旧 II-VI),5G Wirelessマーケット向け光トランシーバ,,,https://www.sevensix.co.jp/products/opticaltransceiver_coherent/,,,,,,,,,,,,,
光通信/ 同軸・RF関連,光トランシーバ,,3Coptics,光トランシーバ 10G Copper SFP+(10Gbase-T),,,https://www.sevensix.co.jp/products/sfp_transceiver_3coptics/,,,,,,,,,,,,,
光通信/ 同軸・RF関連,光トランシーバ,,3Coptics,光トランシーバ 40G QSFP+ PSM4 LR,,,https://www.sevensix.co.jp/products/qsfp_transceiver_3coptics/,,,,,,,,,,,,,
光通信/ 同軸・RF関連,光トランシーバ,,3Coptics,一芯双方向光トランシーバ,,,https://www.sevensix.co.jp/products/bidi_transceiver_3coptics/,,,,,,,,,,,,,
光通信/ 同軸・RF関連,RF部品・モジュール,,株式会社ワカ製作所,アナログ光伝送システム,,,https://www.sevensix.co.jp/products/5127/,,,,,,,,,,,,,
光通信/ 同軸・RF関連,同軸ケーブル,,株式会社ワカ製作所,ハンディフォーミングケーブル,,,https://www.sevensix.co.jp/products/handicable_waka/,,,,,,,,,,,,,
光通信/ 同軸・RF関連,同軸ケーブル,,株式会社ワカ製作所,ソフトリジットケーブル,,,https://www.sevensix.co.jp/products/softrigidcable_waka/,,,,,,,,,,,,,
光通信/ 同軸・RF関連,光瞬断発生装置,,株式会社トリマティス,光瞬断発生装置,,,https://www.sevensix.co.jp/products/tmz_trimatiz/,,,,,,,,,,,,,
その他・アクセサリ,光ファイバシステム構築キット,,8Photonics GmbH,光ファイバシステム構築キット,,,https://www.sevensix.co.jp/products/fiber-spider/,,,,,,,,,,,,,
その他・アクセサリ,OCTシステム,,"Lumedica, inc.",眼底検査の研究用 SD-OCT システム,,,https://www.sevensix.co.jp/products/sdoct_lumedica/,,,,,,,,,,,,,
その他・アクセサリ,レーザーヘッド,,LaserMech,高出力レーザーヘッド,,,https://www.sevensix.co.jp/products/highpowerhead_lasermech/,,,,,,,,,,,,,
sevensix Lab 開発製品,3次元形状検査装置シリーズ,,セブンシックス株式会社,ゴルフヘッド検査装置『Spector』,,,https://www.sevensix.co.jp/products/spector/,,,,,,,,,,,,,
sevensix Lab 開発製品,光周波数コム発生器 Frush,,セブンシックス株式会社,光周波数コム発生器 Frush,,,https://www.sevensix.co.jp/products/frush/,,,,,,,,,,,,,
sevensix Lab 開発製品,光学接触式温度モニター,,セブンシックス株式会社,光学接触式温度モニター,,,https://www.sevensix.co.jp/products/temperaturemonitor_sevensix/,,,,,,,,,,,,,
sevensix Lab 開発製品,波長可変超短パルスファイバレーザー Lulu,,セブンシックス株式会社,波長可変超短パルスファイバレーザー『Lulu』,,,https://www.sevensix.co.jp/products/lulu_sevensix/,,,,,,,,,,,,,
sevensix Lab 開発製品,超短パルスファイバレーザー iQoM,,セブンシックス株式会社,超短パルスファイバレーザー『iQoM』,,,https://www.sevensix.co.jp/products/iqom/,,,,,,,,,,,,,あり